"","V1","V2"
"1","Pygoscelis adeliae","Chordata"
"2","Dissostichus mawsoni","Chordata"
"3","Euphausia superba","Arthropoda"
"4","Mirounga leonina","Chordata"
"5","Glabraster antarctica","Echinodermata"
"6","Odontaster validus","Echinodermata"
"7","Sterechinus neumayeri","Echinodermata"
"8","Nymphon australe","Arthropoda"
"9","Rossella racovitzae","Porifera"
"10","Pagodroma nivea","Chordata"
"11","Psilaster charcoti","Echinodermata"
"12","Aptenodytes forsteri","Chordata"
"13","Oithona similis","Arthropoda"
"14","Adamussium colbecki","Mollusca"
"15","Errina fissurata","Cnidaria"
"16","Flabellum (Flabellum) impensum","Cnidaria"
"17","Thalassoica antarctica","Chordata"
"18","Antarctotetilla leptoderma","Porifera"
"19","Diplasterias brucei","Echinodermata"
"20","Magellania fragilis","Brachiopoda"
"21","Notasterias armata","Echinodermata"
"22","Paraconotrochus antarcticus","Cnidaria"
"23","Magellania joubini","Brachiopoda"
"24","Calanoides acutus","Arthropoda"
"25","Austropallene cornigera","Arthropoda"
"26","Philobrya sublaevis","Mollusca"
"27","Promachocrinus kerguelensis","Echinodermata"
"28","Nototanais dimorphus","Arthropoda"
"29","Ophioplinthus gelida","Echinodermata"
"30","Inferiolabiata labiata","Cnidaria"
"31","Cheiraster (Luidiaster) gerlachei","Echinodermata"
"32","Ophiacantha antarctica","Echinodermata"
"33","Cyclocardia astartoides","Mollusca"
"34","Onoba kergueleni","Mollusca"
"35","Colossendeis robusta","Arthropoda"
"36","Limopsis marionensis","Mollusca"
"37","Cinachyra antarctica","Porifera"
"38","Adacnarca nitens","Mollusca"
"39","Colossendeis megalonyx","Arthropoda"
"40","Ophiacantha vivipara","Echinodermata"
"41","Thracia meridionalis","Mollusca"
"42","Parborlasia corrugatus","Nemertea"
"43","Liothyrella uva","Brachiopoda"
"44","Alacia belgicae","Arthropoda"
"45","Austrodecus glaciale","Arthropoda"
"46","Metridia gerlachei","Arthropoda"
"47","Macandrevia americana","Brachiopoda"
"48","Daption capense","Chordata"
"49","Caryophyllia (Caryophyllia) antarctica","Cnidaria"
"50","Homaxinella balfourensis","Porifera"
"51","Peribolaster macleani","Echinodermata"
"52","Ophionotus victoriae","Echinodermata"
"53","Calanus propinquus","Arthropoda"
"54","Lissarca notorcadensis","Mollusca"
"55","Inflatella belli","Porifera"
"56","Rossella antarctica","Porifera"
"57","Labidiaster annulatus","Echinodermata"
"58","Errina laterorifa","Cnidaria"
"59","Subonoba gelida","Mollusca"
"60","Ctenocidaris perrieri","Echinodermata"
"61","Paralophaster antarcticus","Echinodermata"
"62","Astrotoma agassizii","Echinodermata"
"63","Margarella refulgens","Mollusca"
"64","Pallenopsis patagonica","Arthropoda"
"65","Alcyonium antarcticum","Cnidaria"
"66","Mycale (Oxymycale) acerata","Porifera"
"67","Bathybiaster loripes","Echinodermata"
"68","Powellisetia deserta","Mollusca"
"69","Pentanymphon antarcticum","Arthropoda"
"70","Trematomus bernacchii","Chordata"
"71","Parakanthophoreus antarcticus","Arthropoda"
"72","Odontaster meridionalis","Echinodermata"
"73","Colossendeis australis","Arthropoda"
"74","Alacia hettacra","Arthropoda"
"75","Austrinoecia isocheira","Arthropoda"
"76","Suberites caminatus","Porifera"
"77","Clathria (Axosuberites) nidificata","Porifera"
"78","Anthometrina adriani","Echinodermata"
"79","Deontostoma antarcticum","Nematoda"
"80","Bolocera kerguelensis","Cnidaria"
"81","Notocrangon antarcticus","Arthropoda"
"82","Stomphia selaginella","Cnidaria"
"83","Golfingia (Golfingia) margaritacea","Sipuncula"
"84","Polyeunoa laevis","Annelida"
"85","Tentorium papillatum","Porifera"
"86","Isodictya erinacea","Porifera"
"87","Cinachyra barbata","Porifera"
"88","Limacina retroversa","Mollusca"
"89","Iothia emarginuloides","Mollusca"
"90","Tremaster mirabilis","Echinodermata"
"91","Anatoma euglypta","Mollusca"
"92","Balaenoptera acutorostrata","Chordata"
"93","Sterechinus antarcticus","Echinodermata"
"94","Ammothea carolinensis","Arthropoda"
"95","Capnea georgiana","Cnidaria"
"96","Ophiolimna antarctica","Echinodermata"
"97","Serpula narconensis","Annelida"
"98","Macroptychaster accrescens","Echinodermata"
"99","Antimargarita dulcis","Mollusca"
"100","Toledonia major","Mollusca"
"101","Nuttallochiton mirandus","Mollusca"
"102","Pleuragramma antarctica","Chordata"
"103","Pteraster stellifer","Echinodermata"
"104","Ophiuroglypha carinifera","Echinodermata"
"105","Neobuccinum eatoni","Mollusca"
"106","Thyasira debilis","Mollusca"
"107","Limatula hodgsoni","Mollusca"
"108","Leodamas marginatus","Annelida"
"109","Rhincalanus gigas","Arthropoda"
"110","Macronectes giganteus","Chordata"
"111","Arntzia gracilis","Cnidaria"
"112","Typhlotanoides rostralis","Arthropoda"
"113","Pergamaster triseriatus","Echinodermata"
"114","Capulus subcompressus","Mollusca"
"115","Iophon unicorne","Porifera"
"116","Flabellum (Flabellum) flexuosum","Cnidaria"
"117","Prosipho nodosus","Mollusca"
"118","Eatoniella glacialis","Mollusca"
"119","Propeleda longicaudata","Mollusca"
"120","Paraeuchaeta antarctica","Arthropoda"
"121","Kirkpatrickia variolosa","Porifera"
"122","Achelia spicata","Arthropoda"
"123","Umbellula lindahli","Cnidaria"
"124","Chionodraco hamatus","Chordata"
"125","Ophiacantha pentactis","Echinodermata"
"126","Thysanoessa macrura","Arthropoda"
"127","Sphaerotylus antarcticus","Porifera"
"128","Antarctotetilla sagitta","Porifera"
"129","Melicerita obliqua","Bryozoa"
"130","Doris kerguelenensis","Mollusca"
"131","Falsimohnia innocens","Mollusca"
"132","Swanomia membranacea","Bryozoa"
"133","Dissostichus eleginoides","Chordata"
"134","Abatus (Pseudabatus) nimrodi","Echinodermata"
"135","Trophonella longstaffi","Mollusca"
"136","Hormathia lacunifera","Cnidaria"
"137","Laternula elliptica","Mollusca"
"138","Tedania (Tedaniopsis) oxeata","Porifera"
"139","Acodontaster hodgsoni","Echinodermata"
"140","Amauropsis rossiana","Mollusca"
"141","Notasterias stolophora","Echinodermata"
"142","Notocrinus virilis","Echinodermata"
"143","Staurocucumis liouvillei","Echinodermata"
"144","Subonoba turqueti","Mollusca"
"145","Epimeria (Hoplepimeria) robusta","Arthropoda"
"146","Homalocidaris gigantea","Echinodermata"
"147","Dacrydium albidum","Mollusca"
"148","Novocrania lecointei","Brachiopoda"
"149","Ammothea clausi","Arthropoda"
"150","Synoicum adareanum","Chordata"
"151","Boroecia antipoda","Arthropoda"
"152","Clausocalanus furcatus","Arthropoda"
"153","Acodontaster conspicuus","Echinodermata"
"154","Ammothea glacialis","Arthropoda"
"155","Ophioplocus incipiens","Echinodermata"
"156","Oncaea curvata","Arthropoda"
"157","Paratyphlotanais armatus","Arthropoda"
"158","Glaciacantha dubium","Echinodermata"
"159","Polymastia invaginata","Porifera"
"160","Acodontaster capitatus","Echinodermata"
"161","Nicon maculata","Annelida"
"162","Clavularia frankliniana","Cnidaria"
"163","Pallenopsis vanhoeffeni","Arthropoda"
"164","Nototanais antarcticus","Arthropoda"
"165","Ophioplinthus martensi","Echinodermata"
"166","Themisto gaudichaudii","Arthropoda"
"167","Stylocordyla borealis","Porifera"
"168","Rossella villosa","Porifera"
"169","Trematomus scotti","Chordata"
"170","Nymphon charcoti","Arthropoda"
"171","Euphausia crystallorophias","Arthropoda"
"172","Leptychaster flexuosus","Echinodermata"
"173","Actinernus elongatus","Cnidaria"
"174","Hyperiella dilatata","Arthropoda"
"175","Philodina gregaria","Rotifera"
"176","Calyx arcuarius","Porifera"
"177","Perknaster densus","Echinodermata"
"178","Rossella nuda","Porifera"
"179","Fasciculipora ramosa","Bryozoa"
"180","Cellarinella nutti","Bryozoa"
"181","Amphiura joubini","Echinodermata"
"182","Yoldiella antarctica","Mollusca"
"183","Clausocalanus brevipes","Arthropoda"
"184","Abatus shackletoni","Echinodermata"
"185","Lophaster gaini","Echinodermata"
"186","Notocidaris platyacantha","Echinodermata"
"187","Glyphoperidium bursa","Cnidaria"
"188","Myxilla (Myxilla) mollis","Porifera"
"189","Pareledone charcoti","Mollusca"
"190","Kerguelenatica delicatula","Mollusca"
"191","Sterechinus diadema","Echinodermata"
"192","Isodictya lankesteri","Porifera"
"193","Solaster regularis","Echinodermata"
"194","Maxilliphimedia longipes","Arthropoda"
"195","Rhynchothorax australis","Arthropoda"
"196","Trematomus lepidorhinus","Chordata"
"197","Philomedes assimilis","Arthropoda"
"198","Megaptera novaeangliae","Chordata"
"199","Pedicellaster hypernotius","Echinodermata"
"200","Trematomus newnesi","Chordata"
"201","Laonice weddellia","Annelida"
"202","Phorbas glaberrimus","Porifera"
"203","Amphiura belgicae","Echinodermata"
"204","Ophiosteira echinulata","Echinodermata"
"205","Pyura bouvetensis","Chordata"
"206","Antarctoneptunea aurora","Mollusca"
"207","Limopsis lilliei","Mollusca"
"208","Trophonella shackletoni","Mollusca"
"209","Acanthorhabdus fragilis","Porifera"
"210","Cirsonella extrema","Mollusca"
"211","Lepidonotothen squamifrons","Chordata"
"212","Rhynchocidaris triplopora","Echinodermata"
"213","Antarcticaetos bubeccata","Bryozoa"
"214","Latrunculia (Latrunculia) biformis","Porifera"
"215","Pareledone aequipapillae","Mollusca"
"216","Haliclona (Rhizoniera) dancoi","Porifera"
"217","Fulmarus glacialoides","Chordata"
"218","Trematomus eulepidotus","Chordata"
"219","Isotealia antarctica","Cnidaria"
"220","Isodictya kerguelenensis","Porifera"
"221","Ophiura flexibilis","Echinodermata"
"222","Harpovoluta charcoti","Mollusca"
"223","Lissotesta minutissima","Mollusca"
"224","Latrunculia (Latrunculia) apicalis","Porifera"
"225","Lysasterias adeliae","Echinodermata"
"226","Umbellula magniflora","Cnidaria"
"227","Florometra mawsoni","Echinodermata"
"228","Cumella (Cumella) australis","Arthropoda"
"229","Macrourus whitsoni","Chordata"
"230","Prosipho mundus","Mollusca"
"231","Eusirus perdentatus","Arthropoda"
"232","Pseudosagitta gazellae","Chaetognatha"
"233","Liponema multiporum","Cnidaria"
"234","Ophiosteira antarctica","Echinodermata"
"235","Notolepis coatsi","Chordata"
"236","Molpadiodemas crinitus","Echinodermata"
"237","Aulactinia sulcata","Cnidaria"
"238","Epimeria (Drakepimeria) macrodonta","Arthropoda"
"239","Pycnogonum gaini","Arthropoda"
"240","Eminooecia carsonae","Bryozoa"
"241","Probuccinum tenerum","Mollusca"
"242","Pallenopsis hodgsoni","Arthropoda"
"243","Eatoniella kerguelenensis","Mollusca"
"244","Electrona antarctica","Chordata"
"245","Spiophanes tcherniai","Annelida"
"246","Corymorpha microrhiza","Cnidaria"
"247","Trematomus pennellii","Chordata"
"248","Tedania (Tedaniopsis) tantula","Porifera"
"249","Laetmonice producta","Annelida"
"250","Cnemidocarpa verrucosa","Chordata"
"251","Kellia simulans","Mollusca"
"252","Mysella antarctica","Mollusca"
"253","Torellia mirabilis","Mollusca"
"254","Bathylagus antarcticus","Chordata"
"255","Pallenopsis pilosa","Arthropoda"
"256","Calanus simillimus","Arthropoda"
"257","Mirandotanais vorax","Arthropoda"
"258","Isodictya spinigera","Porifera"
"259","Nymphon hiemale","Arthropoda"
"260","Bathydraco marri","Chordata"
"261","Lageneschara lyrulata","Bryozoa"
"262","Epimeria (Hoplepimeria) rimicarinata","Arthropoda"
"263","Oceanites oceanicus","Chordata"
"264","Rhopiella hirsuta","Echinodermata"
"265","Systenopora contracta","Bryozoa"
"266","Lissodendoryx (Lissodendoryx) flabellata","Porifera"
"267","Rossella fibulata","Porifera"
"268","Actinostola crassicornis","Cnidaria"
"269","Cephalodiscus hodgsoni","Hemichordata"
"270","Ctenocidaris geliberti","Echinodermata"
"271","Micropora brevissima","Bryozoa"
"272","Polirhabdotos inclusum","Bryozoa"
"273","Ophioplinthus relegata","Echinodermata"
"274","Fannyella (Fannyella) rossii","Cnidaria"
"275","Notoplites drygalskii","Bryozoa"
"276","Eukrohnia hamata","Chaetognatha"
"277","Cellaria diversa","Bryozoa"
"278","Ophioplinthus brevirima","Echinodermata"
"279","Psalidaster mordax","Echinodermata"
"280","Epiactis georgiana","Cnidaria"
"281","Decolopoda australis","Arthropoda"
"282","Melanella convexa","Mollusca"
"283","Lycodichthys dearborni","Chordata"
"284","Heterocucumis denticulata","Echinodermata"
"285","Metaconchoecia skogsbergi","Arthropoda"
"286","Haliclona (Gellius) rudis","Porifera"
"287","Nymphon mendosum","Arthropoda"
"288","Pyura discoveryi","Chordata"
"289","Campylaspis antarctica","Arthropoda"
"290","Paradmete fragillima","Mollusca"
"291","Pseudoleptognathia setosa","Arthropoda"
"292","Microxina benedeni","Porifera"
"293","Ophiocten megaloplax","Echinodermata"
"294","Trematomus hansoni","Chordata"
"295","Oithona frigida","Arthropoda"
"296","Scyphidium hodgsoni","Porifera"
"297","Colossendeis drakei","Arthropoda"
"298","Neopagetopsis ionah","Chordata"
"299","Cellariaeforma aurorae","Bryozoa"
"300","Hippasteria phrygiana","Echinodermata"
"301","Cellarinella foveolata","Bryozoa"
"302","Pareuthria plicatula","Mollusca"
"303","Urticinopsis antarctica","Cnidaria"
"304","Altenaeum gibbosum","Mollusca"
"305","Pyloderma latrunculioides","Porifera"
"306","Perknaster sladeni","Echinodermata"
"307","Chorismus antarcticus","Arthropoda"
"308","Paracucumis turricata","Echinodermata"
"309","Pseudostichopus spiculiferus","Echinodermata"
"310","Ptilocrinus (Ptilocrinus) australis","Echinodermata"
"311","Altenaeum charcoti","Mollusca"
"312","Psolus antarcticus","Echinodermata"
"313","Prosipho glacialis","Mollusca"
"314","Psolidium tenue","Echinodermata"
"315","Stygiomedusa gigantea","Cnidaria"
"316","Anoxycalyx (Scolymastra) joubini","Porifera"
"317","Pemmatoporella marginata","Bryozoa"
"318","Oediceroides calmani","Arthropoda"
"319","Austrodecus frigorifugum","Arthropoda"
"320","Heterorhabdus austrinus","Arthropoda"
"321","Camptoplites tricornis","Bryozoa"
"322","Lumbrineris kerguelensis","Annelida"
"323","Tritoniella belli","Mollusca"
"324","Bostrychopora dentata","Bryozoa"
"325","Typhlotanais greenwichensis","Arthropoda"
"326","Pista mirabilis","Annelida"
"327","Cryptocopoides arcticus","Arthropoda"
"328","Beania erecta","Bryozoa"
"329","Ascidia challengeri","Chordata"
"330","Trophon coulmanensis","Mollusca"
"331","Chionodraco myersi","Chordata"
"332","Cryodraco antarcticus","Chordata"
"333","Pareledone turqueti","Mollusca"
"334","Corallimorphus profundus","Cnidaria"
"335","Tomopteris septentrionalis","Annelida"
"336","Gorgonocephalus chilensis","Echinodermata"
"337","Endeis australis","Arthropoda"
"338","Cellarinella margueritae","Bryozoa"
"339","Cellarinella njegovanae","Bryozoa"
"340","Artemisina plumosa","Porifera"
"341","Nothoadmete delicatula","Mollusca"
"342","Errina gracilis","Cnidaria"
"343","Parathyasira dearborni","Mollusca"
"344","Leucothoe spinicarpa","Arthropoda"
"345","Orcinus orca","Chordata"
"346","Tedania (Tedaniopsis) massa","Porifera"
"347","Bathypera splendens","Chordata"
"348","Belalora striatula","Mollusca"
"349","Chlanidota signeyana","Mollusca"
"350","Cyamiocardium denticulatum","Mollusca"
"351","Pogonophryne scotti","Chordata"
"352","Compsothyris racovitzae","Brachiopoda"
"353","Iphimediella microdentata","Arthropoda"
"354","Acrobrochus blochmanni","Brachiopoda"
"355","Balaenoptera physalus","Chordata"
"356","Distaplia cylindrica","Chordata"
"357","Reteporella frigida","Bryozoa"
"358","Antarctomysis maxima","Arthropoda"
"359","Gymnoscopelus hintonoides","Chordata"
"360","Trematomus loennbergii","Chordata"
"361","Tritonia challengeriana","Mollusca"
"362","Stercorarius maccormicki","Chordata"
"363","Margarella crebrilirulata","Mollusca"
"364","Epimeria (Hoplepimeria) inermis","Arthropoda"
"365","Balaenoptera musculus","Chordata"
"366","Limacina helicina","Mollusca"
"367","Larvapora mawsoni","Bryozoa"
"368","Carbasea curva","Bryozoa"
"369","Heterocucumis steineni","Echinodermata"
"370","Cylichna gelida","Mollusca"
"371","Eusirus antarcticus","Arthropoda"
"372","Colossendeis notialis","Arthropoda"
"373","Cephalodiscus nigrescens","Hemichordata"
"374","Triconia antarctica","Arthropoda"
"375","Bathypathes patula","Cnidaria"
"376","Aporocidaris milleri","Echinodermata"
"377","Deontostoma timmerchioi","Nematoda"
"378","Hemigellius pilosus","Porifera"
"379","Puffinus griseus","Chordata"
"380","Anoxycalyx (Anoxycalyx) ijimai","Porifera"
"381","Cuenotaster involutus","Echinodermata"
"382","Amphiura protecta","Echinodermata"
"383","Nymphon eltaninae","Arthropoda"
"384","Cellarinella rossi","Bryozoa"
"385","Seba dubia","Arthropoda"
"386","Mycale (Aegogropila) magellanica","Porifera"
"387","Tethyopsis brondstedi","Porifera"
"388","Austroraptus calcaratus","Arthropoda"
"389","Notoplites tenuis","Bryozoa"
"390","Ophiosparte gigas","Echinodermata"
"391","Glyptonotus antarcticus","Arthropoda"
"392","Artemisina jovis","Porifera"
"393","Limatula simillima","Mollusca"
"394","Microdiscula vanhoeffeni","Mollusca"
"395","Newnesia antarctica","Mollusca"
"396","Toledonia globosa","Mollusca"
"397","Artedidraco orianae","Chordata"
"398","Fosteria spinosa","Brachiopoda"
"399","Paraeuchaeta biloba","Arthropoda"
"400","Metridia longa","Arthropoda"
"401","Clathria (Clathria) pauper","Porifera"
"402","Cellarinelloides crassus","Bryozoa"
"403","Cyamiomactra laminifera","Mollusca"
"404","Lyonsia arcaeformis","Mollusca"
"405","Echiurus antarcticus","Annelida"
"406","Pagetopsis macropterus","Chordata"
"407","Pagetopsis maculatus","Chordata"
"408","Gymnoscopelus nicholsi","Chordata"
"409","Nematocarcinus lanceopes","Arthropoda"
"410","Leucascus leptoraphis","Porifera"
"411","Oikopleura (Vexillaria) gaussica","Chordata"
"412","Antarctolineus scotti","Nemertea"
"413","Cycethra verrucosa","Echinodermata"
"414","Torellia antarctica","Mollusca"
"415","Mysidetes posthon","Arthropoda"
"416","Austropallene brachyura","Arthropoda"
"417","Kymella polaris","Bryozoa"
"418","Lissotesta strebeli","Mollusca"
"419","Torellia smithi","Mollusca"
"420","Chaenodraco wilsoni","Chordata"
"421","Dentalium majorinum","Mollusca"
"422","Paraeuchaeta similis","Arthropoda"
"423","Microcalanus pygmaeus","Arthropoda"
"424","Dendrilla membranosa","Porifera"
"425","Isodictya setifera","Porifera"
"426","Bathyplotes bongraini","Echinodermata"
"427","Antarctoscyphus grandis","Cnidaria"
"428","Leptocollonia innocens","Mollusca"
"429","Pseudokellya gradata","Mollusca"
"430","Ophioplinthus olstadi","Echinodermata"
"431","Psychroteuthis glacialis","Mollusca"
"432","Australicythere polylyca","Arthropoda"
"433","Lissotesta unifilosa","Mollusca"
"434","Himantozoum (Himantozoum) antarcticum","Bryozoa"
"435","Haloptilus oxycephalus","Arthropoda"
"436","Echinisis spicata","Cnidaria"
"437","Nematoflustra flagellata","Bryozoa"
"438","Psolus dubiosus","Echinodermata"
"439","Thrypticocirrus phylactelloides","Bryozoa"
"440","Golfingia (Golfingia) anderssoni","Sipuncula"
"441","Falsimargarita gemma","Mollusca"
"442","Probuccinum costatum","Mollusca"
"443","Prosipho spiralis","Mollusca"
"444","Puncturella spirigera","Mollusca"
"445","Trochaclis antarctica","Mollusca"
"446","Psolus arnaudi","Echinodermata"
"447","Protelpidia murrayi","Echinodermata"
"448","Exspina typica","Arthropoda"
"449","Perknaster fuscus","Echinodermata"
"450","Ammothea longispina","Arthropoda"
"451","Ammothea minor","Arthropoda"
"452","Schizotricha turqueti","Cnidaria"
"453","Campylaspis frigida","Arthropoda"
"454","Lissotesta mammillata","Mollusca"
"455","Prosipho pusillus","Mollusca"
"456","Errina kerguelensis","Cnidaria"
"457","Gymnoscopelus braueri","Chordata"
"458","Trematomus nicolai","Chordata"
"459","Iphimediella rigida","Arthropoda"
"460","Hyperoche capucinus","Arthropoda"
"461","Paraeuchaeta erebi","Arthropoda"
"462","Abatus koehleri","Echinodermata"
"463","Schizocosmus abatoides","Echinodermata"
"464","Volvarina hyalina","Mollusca"
"465","Pseudorchomene plebs","Arthropoda"
"466","Epimeria (Drakepimeria) schiaparelli","Arthropoda"
"467","Augeneria tentaculata","Annelida"
"468","Notocidaris hastata","Echinodermata"
"469","Barrukia cristata","Annelida"
"470","Billardia subrufa","Cnidaria"
"471","Staurotheca antarctica","Cnidaria"
"472","Lissotesta liratula","Mollusca"
"473","Turritellopsis latior","Mollusca"
"474","Paralomis birsteini","Arthropoda"
"475","Dactylanthus antarcticus","Cnidaria"
"476","Fannyella (Cyathogorgia) spinosa","Cnidaria"
"477","Pseudorchomene rossi","Arthropoda"
"478","Notocidaris lanceolata","Echinodermata"
"479","Lysasterias perrieri","Echinodermata"
"480","Astrochlamys bruneus","Echinodermata"
"481","Euphrosine monroi","Annelida"
"482","Staurotheca pachyclada","Cnidaria"
"483","Accalathura gigantissima","Arthropoda"
"484","Cyclaspis gigas","Arthropoda"
"485","Acirsa antarctica","Mollusca"
"486","Falsimargarita thielei","Mollusca"
"487","Amblyraja georgiana","Chordata"
"488","Perkinsiana magalhaensis","Annelida"
"489","Philodina alata","Rotifera"
"490","Cyclothone microdon","Chordata"
"491","Harmothoe spinosa","Annelida"
"492","Ophidiogorgia paradoxa","Cnidaria"
"493","Anasterias antarctica","Echinodermata"
"494","Marseniopsis conica","Mollusca"
"495","Silicula rouchi","Mollusca"
"496","Torellia exilis","Mollusca"
"497","Peraeospinosus emergensis","Arthropoda"
"498","Habrotrocha constricta","Rotifera"
"499","Pachypellina fistulata","Porifera"
"500","Eurypon miniaceum","Porifera"
"501","Lysasterias joffrei","Echinodermata"
"502","Saliasterias brachiata","Echinodermata"
"503","Caberea darwinii","Bryozoa"
"504","Rhodine intermedia","Annelida"
"505","Travisia kerguelensis","Annelida"
"506","Smittina antarctica","Bryozoa"
"507","Oswaldella terranovae","Cnidaria"
"508","Scolelepis (Scolelepis) eltaninae","Annelida"
"509","Leucon (Crymoleucon) antarcticus","Arthropoda"
"510","Philobrya wandelensis","Mollusca"
"511","Antarctomysis ohlinii","Arthropoda"
"512","Axinella antarctica","Porifera"
"513","Inflatella coelosphaeroides","Porifera"
"514","Kampylaster incurvatus","Echinodermata"
"515","Ophiocamax gigas","Echinodermata"
"516","Colossendeis tortipalpis","Arthropoda"
"517","Colossendeis wilsoni","Arthropoda"
"518","Cellarinella nodulata","Bryozoa"
"519","Schizotricha nana","Cnidaria"
"520","Diaphana paessleri","Mollusca"
"521","Waldo parasiticus","Mollusca"
"522","Notothenia coriiceps","Chordata"
"523","Histiodraco velifer","Chordata"
"524","Gymnodraco acuticeps","Chordata"
"525","Heterophoxus videns","Arthropoda"
"526","Pseudoparatanais brachycephalus","Arthropoda"
"527","Stephos longipes","Arthropoda"
"528","Philomedes trithrix","Arthropoda"
"529","Ledella ecaudata","Mollusca"
"530","Parmaphorella mawsoni","Mollusca"
"531","Bathyraja maccaini","Chordata"
"532","Perknaster antarcticus","Echinodermata"
"533","Nymphon longicoxa","Arthropoda"
"534","Aglaophamus trissophyllus","Annelida"
"535","Idmidronea obtecta","Bryozoa"
"536","Staurotheca nonscripta","Cnidaria"
"537","Astarte antarctica","Mollusca"
"538","Marseniopsis mollis","Mollusca"
"539","Toledonia striata","Mollusca"
"540","Halobaena caerulea","Chordata"
"541","Pagothenia borchgrevinki","Chordata"
"542","Metafannyella lepidota","Cnidaria"
"543","Isosecuriflustra angusta","Bryozoa"
"544","Antistreptus contrarius","Mollusca"
"545","Uristes murrayi","Arthropoda"
"546","Epimeria (Drakepimeria) similis","Arthropoda"
"547","Trypanosyllis gigantea","Annelida"
"548","Ctenocidaris spinosa","Echinodermata"
"549","Iophon radiatum","Porifera"
"550","Myxodoryx hanitschi","Porifera"
"551","Myxilla (Myxilla) elongata","Porifera"
"552","Artemidactis victrix","Cnidaria"
"553","Edwardsia meridionalis","Cnidaria"
"554","Isocirrus yungi","Annelida"
"555","Neofungella claviformis","Bryozoa"
"556","Orthoporidra compacta","Bryozoa"
"557","Staurotheca dichotoma","Cnidaria"
"558","Artemisina tubulosa","Porifera"
"559","Nannobrachium achirus","Chordata"
"560","Iphimediella georgei","Arthropoda"
"561","Peraeospinosus subtigaleatus","Arthropoda"
"562","Clausocalanus laticeps","Arthropoda"
"563","Aforia hedleyi","Mollusca"
"564","Haliclona tenella","Porifera"
"565","Pseudosuberites nudus","Porifera"
"566","Amphiblestrum inermis","Bryozoa"
"567","Pycnogonum diceros","Arthropoda"
"568","Bathyplotes moseleyi","Echinodermata"
"569","Melanella antarctica","Mollusca"
"570","Sinuber microstriatum","Mollusca"
"571","Gymnoscopelus opisthopterus","Chordata"
"572","Prionodraco evansii","Chordata"
"573","Hyperiella macronyx","Arthropoda"
"574","Cuspidaria kerguelensis","Mollusca"
"575","Collotheca ornata","Rotifera"
"576","Haliclona scotti","Porifera"
"577","Asbestopluma (Asbestopluma) belgicae","Porifera"
"578","Suberites microstomus","Porifera"
"579","Arachnopusia latiavicularis","Bryozoa"
"580","Didemnum biglans","Chordata"
"581","Cellaria moniliorata","Bryozoa"
"582","Ophioperla koehleri","Echinodermata"
"583","Pyura georgiana","Chordata"
"584","Aegiochus antarctica","Arthropoda"
"585","Astarte longirostra","Mollusca"
"586","Eatoniella demissa","Mollusca"
"587","Staurotheca densa","Cnidaria"
"588","Dolloidraco longedorsalis","Chordata"
"589","Muraenolepis microps","Chordata"
"590","Cynomacrurus piriei","Chordata"
"591","Gnathiphimedia mandibularis","Arthropoda"
"592","Aeginoides gaussi","Arthropoda"
"593","Gnathiphimedia sexdentata","Arthropoda"
"594","Colossendeis glacialis","Arthropoda"
"595","Radiella antarctica","Porifera"
"596","Notisis elongata","Cnidaria"
"597","Diasterope schmitti","Arthropoda"
"598","Macrotrachela habita","Rotifera"
"599","Hippothoa flagellum","Bryozoa"
"600","Plicatellopsis antarctica","Porifera"
"601","Camptoplites bicornis","Bryozoa"
"602","Frovina indecora","Mollusca"
"603","Lorabela davisi","Mollusca"
"604","Melanella exulata","Mollusca"
"605","Echiniphimedia hodgsoni","Arthropoda"
"606","Bathycrinus australis","Echinodermata"
"607","Haloptilus ocellatus","Arthropoda"
"608","Psolidium whittakeri","Echinodermata"
"609","Artedidraco lonnbergi","Chordata"
"610","Antarctospira badenpowelli","Mollusca"
"611","Philodina antarctica","Rotifera"
"612","Iophon flabellodigitatum","Porifera"
"613","Clathria (Microciona) antarctica","Porifera"
"614","Hormosoma scotti","Cnidaria"
"615","Camptoplites angustus","Bryozoa"
"616","Melicerita latilaminata","Bryozoa"
"617","Leptopenus antarcticus","Cnidaria"
"618","Ophioleuce regulare","Echinodermata"
"619","Antarctoscyphus spiralis","Cnidaria"
"620","Cuspidaria tenella","Mollusca"
"621","Trilirata macmurdensis","Mollusca"
"622","Zyzzyzus parvula","Cnidaria"
"623","Colomastix fissilingua","Arthropoda"
"624","Thouarella (Thouarella) pendulina","Cnidaria"
"625","Aequiyoldia eightsii","Mollusca"
"626","Metridia curticauda","Arthropoda"
"627","Pelagobia longicirrata","Annelida"
"628","Abatus ingens","Echinodermata"
"629","Chondrocladia (Chondrocladia) clavata","Porifera"
"630","Isodictya cavicornuta","Porifera"
"631","Lissodendoryx (Ectyodoryx) ramilobosa","Porifera"
"632","Fibulia maeandrina","Porifera"
"633","Chonelasma choanoides","Porifera"
"634","Cnemidocarpa drygalskii","Chordata"
"635","Astochoporella cassidula","Bryozoa"
"636","Potamilla antarctica","Annelida"
"637","Aforia magnifica","Mollusca"
"638","Montacuta nimrodiana","Mollusca"
"639","Trophon drygalskii","Mollusca"
"640","Electrona carlsbergi","Chordata"
"641","Cryodraco atkinsoni","Chordata"
"642","Antarctinoe ferox","Annelida"
"643","Cyllopus lucasii","Arthropoda"
"644","Muraenolepis evseenkoi","Chordata"
"645","Ptilocrinus (Ptilocrinus) amezianeae","Echinodermata"
"646","Primnoisis (Delicatisis) formosa","Cnidaria"
"647","Ophelina breviata","Annelida"
"648","Periphylla periphylla","Cnidaria"
"649","Ctenocidaris rugosa","Echinodermata"
"650","Fibulia cribriporosa","Porifera"
"651","Suberites topsenti","Porifera"
"652","Austropallene calmani","Arthropoda"
"653","Eumorphometra marri","Echinodermata"
"654","Onoba subantarctica","Mollusca"
"655","Microporella stenoporta","Bryozoa"
"656","Salpa thompsoni","Chordata"
"657","Macrourus caml","Chordata"
"658","Flabegraviera mundata","Annelida"
"659","Epimeria (Epimeriella) macronyx","Arthropoda"
"660","Pseudosuberites hyalinus","Porifera"
"661","Tedania (Tedaniopsis) charcoti","Porifera"
"662","Craniella metaclada","Porifera"
"663","Molgula pedunculata","Chordata"
"664","Bathylasma corolliforme","Arthropoda"
"665","Klugeflustra antarctica","Bryozoa"
"666","Echinopsolus acanthocola","Echinodermata"
"667","Pelagodiscus atlanticus","Brachiopoda"
"668","Margarella antarctica","Mollusca"
"669","Ophthalmolycus amberensis","Chordata"
"670","Gerlachea australis","Chordata"
"671","Caprellinoides mayeri","Arthropoda"
"672","Pseudoparatanais antarcticus","Arthropoda"
"673","Leptognathia breviremoides","Arthropoda"
"674","Cephalodiscus densus","Hemichordata"
"675","Thalassarche melanophris","Chordata"
"676","Lobodon carcinophagus","Chordata"
"677","Callochiton gaussi","Mollusca"
"678","Feracrinus heinzelleri","Echinodermata"
"679","Pterodroma inexpectata","Chordata"
"680","Abyssocucumis abyssorum","Echinodermata"
"681","Clio pyramidata","Mollusca"
"682","Osthimosia bicornis","Bryozoa"
"683","Lissodendoryx (Ectyodoryx) anacantha","Porifera"
"684","Plicatellopsis fragilis","Porifera"
"685","Rossella podagrosa","Porifera"
"686","Astrohamma tuberculatum","Echinodermata"
"687","Tylobranchion speciosum","Chordata"
"688","Paracellaria wandeli","Bryozoa"
"689","Nymphon proximum","Arthropoda"
"690","Aplidium meridianum","Chordata"
"691","Aplidium radiatum","Chordata"
"692","Psolicrux coatsi","Echinodermata"
"693","Adelascopora secunda","Bryozoa"
"694","Thrypticocirrus contortuplicata","Bryozoa"
"695","Leucon (Leucon) assimilis","Arthropoda"
"696","Adacnarca limopsoides","Mollusca"
"697","Nothoadmete antarctica","Mollusca"
"698","Paradiplospinus gracilis","Chordata"
"699","Holostylis helleri","Arthropoda"
"700","Dacodraco hunteri","Chordata"
"701","Seba antarctica","Arthropoda"
"702","Paramoera walkeri","Arthropoda"
"703","Iphimediella cyclogena","Arthropoda"
"704","Pentapycnon bouvieri","Arthropoda"
"705","Grania antarctica","Annelida"
"706","Grania hirsuticauda","Annelida"
"707","Australicythere devexa","Arthropoda"
"708","Orchomenella pinguides","Arthropoda"
"709","Primnoisis (Primnoisis) antarctica","Cnidaria"
"710","Epiphanes senta","Rotifera"
"711","Phoebetria palpebrata","Chordata"
"712","Halargyreus johnsonii","Chordata"
"713","Abatus curvidens","Echinodermata"
"714","Amphipneustes lorioli","Echinodermata"
"715","Notocidaris mortenseni","Echinodermata"
"716","Isodictya conulosa","Porifera"
"717","Tethyopsis longispinus","Porifera"
"718","Arachnopusia decipiens","Bryozoa"
"719","Austroflustra vulgaris","Bryozoa"
"720","Cucumaria georgiana","Echinodermata"
"721","Reteporella erugata","Bryozoa"
"722","Thrypticocirrus rogickae","Bryozoa"
"723","Odontaster penicillatus","Echinodermata"
"724","Leptonychotes weddellii","Chordata"
"725","Meteuthria multituberculata","Mollusca"
"726","Neactaeonina edentula","Mollusca"
"727","Bathyraja eatonii","Chordata"
"728","Artedidraco shackletoni","Chordata"
"729","Dallina eltanini","Brachiopoda"
"730","Tryphosella adarei","Arthropoda"
"731","Cetoconcha spinosula","Mollusca"
"732","Balaenoptera bonaerensis","Chordata"
"733","Solidosagitta planctonis","Chaetognatha"
"734","Scotoplanes globosa","Echinodermata"
"735","Amphipneustes brevisternalis","Echinodermata"
"736","Rhizaxinella australiensis","Porifera"
"737","Bathydorus spinosus","Porifera"
"738","Ammothea spinosa","Arthropoda"
"739","Austroraptus polaris","Arthropoda"
"740","Austropallene tibicina","Arthropoda"
"741","Swanomia brevimandibulata","Bryozoa"
"742","Swanomia belgica","Bryozoa"
"743","Isoschizoporella similis","Bryozoa"
"744","Dakariella concinna","Bryozoa"
"745","Psolidium gaini","Echinodermata"
"746","Hydrodendron arboreum","Cnidaria"
"747","Tracheloptyx antarctica","Bryozoa"
"748","Staurotheca compressa","Cnidaria"
"749","Toledonia limnaeaeformis","Mollusca"
"750","Cygnonema steineri","Nematoda"
"751","Schizotricha trinematotheca","Cnidaria"
"752","Latrunculia (Latrunculia) basalis","Porifera"
"753","Oradarea rossi","Arthropoda"
"754","Iphimediella margueritei","Arthropoda"
"755","Ophiogona doederleini","Echinodermata"
"756","Nototheniops larseni","Chordata"
"757","Paralabidocera antarctica","Arthropoda"
"758","Onogorgia nodosa","Cnidaria"
"759","Psolus cherbonnieri","Echinodermata"
"760","Peniagone vignoni","Echinodermata"
"761","Cucumaria dudexa","Echinodermata"
"762","Metopoides typicus","Arthropoda"
"763","Myxilla (Burtonanchora) asigmata","Porifera"
"764","Fannyella (Scyphogorgia) abies","Cnidaria"
"765","Sphaerotylus capitatus","Porifera"
"766","Diplasterias octoradiata","Echinodermata"
"767","Ammothea striata","Arthropoda"
"768","Austroraptus juvenilis","Arthropoda"
"769","Camptoplites retiformis","Bryozoa"
"770","Austropallene tcherniai","Arthropoda"
"771","Colossendeis longirostris","Arthropoda"
"772","Euphrosinella cirratoformis","Annelida"
"773","Pareugyrioides arnbackae","Chordata"
"774","Anoplodactylus australis","Arthropoda"
"775","Cuspidaria infelix","Mollusca"
"776","Limopsis scabra","Mollusca"
"777","Trophon minutus","Mollusca"
"778","Artedidraco skottsbergi","Chordata"
"779","Chionobathyscus dewitti","Chordata"
"780","Oediceroides newnesi","Arthropoda"
"781","Ampelisca barnardi","Arthropoda"
"782","Ophioplinthus anceps","Echinodermata"
"783","Galiteuthis glacialis","Mollusca"
"784","Graneledone antarctica","Mollusca"
"785","Galathowenia scotiae","Annelida"
"786","Trophonella scotiana","Mollusca"
"787","Prodoris clavigera","Mollusca"
"788","Pleurotomella innocentia","Mollusca"
"789","Tedania (Tedaniopsis) triraphis","Porifera"
"790","Pseudosagitta maxima","Chaetognatha"
"791","Dendrilla antarctica","Porifera"
"792","Acodontaster marginatus","Echinodermata"
"793","Paralophaster godfroyi","Echinodermata"
"794","Ammothea calmani","Arthropoda"
"795","Ammothea meridionalis","Arthropoda"
"796","Cornucopina polymorpha","Bryozoa"
"797","Rhamphosmittina bassleri","Bryozoa"
"798","Staurotheca glomulosa","Cnidaria"
"799","Pista corrientis","Annelida"
"800","Terebella ehlersi","Annelida"
"801","Vaunthompsonia inermis","Arthropoda"
"802","Hemiaclis incolorata","Mollusca"
"803","Paradmete curta","Mollusca"
"804","Pleurotomella simillima","Mollusca"
"805","Pachycara brachycephalum","Chordata"
"806","Peniagone affinis","Echinodermata"
"807","Leptognathia lineata","Arthropoda"
"808","Polysyncraton chondrilla","Chordata"
"809","Pareledone albimaculata","Mollusca"
"810","Pasiphaea scotiae","Arthropoda"
"811","Grania acanthochaeta","Annelida"
"812","Symplectoscyphus frondosus","Cnidaria"
"813","Cryptocopoides antarctica","Arthropoda"
"814","Lissotesta macknighti","Mollusca"
"815","Cephalodella catellina","Rotifera"
"816","Racovitzanus antarcticus","Arthropoda"
"817","Thelepus cincinnatus","Annelida"
"818","Hemigellius fimbriatus","Porifera"
"819","Notasterias bongraini","Echinodermata"
"820","Bolocera paucicornis","Cnidaria"
"821","Arachnopusia gigantea","Bryozoa"
"822","Ammothea gordonae","Arthropoda"
"823","Camptoplites lewaldi","Bryozoa"
"824","Amphiura (Amphiura) angularis","Echinodermata"
"825","Notoplites vanhoffeni","Bryozoa"
"826","Ophiosteira bullivanti","Echinodermata"
"827","Escharella watersi","Bryozoa"
"828","Pyura setosa","Chordata"
"829","Eumorphometra fraseri","Echinodermata"
"830","Cellarinella edita","Bryozoa"
"831","Oswaldella bifurca","Cnidaria"
"832","Pleurotomella frigida","Mollusca"
"833","Abietinella operculata","Cnidaria"
"834","Leucon (Crymoleucon) intermedius","Arthropoda"
"835","Bathydraco macrolepis","Chordata"
"836","Cygnodraco mawsoni","Chordata"
"837","Echiniphimedia echinata","Arthropoda"
"838","Polycheria antarctica","Arthropoda"
"839","Neoschrammeniella antarctica","Porifera"
"840","Tomopteris carpenteri","Annelida"
"841","Pontocypria helenae","Arthropoda"
"842","Amperima robusta","Echinodermata"
"843","Belaturricula ergata","Mollusca"
"844","Epitonium eltanini","Mollusca"
"845","Anatoma amoena","Mollusca"
"846","Lissotesta similis","Mollusca"
"847","Auricularia antarctica","Echinodermata"
"848","Scina borealis","Arthropoda"
"849","Antimora rostrata","Chordata"
"850","Sterechinus dentifer","Echinodermata"
"851","Achelia communis","Arthropoda"
"852","Austrodecus macrum","Arthropoda"
"853","Polysyncraton trivolutum","Chordata"
"854","Nothria abyssia","Annelida"
"855","Toretocheilum turbinatum","Bryozoa"
"856","Euchone pallida","Annelida"
"857","Dolichiscus hiemalis","Arthropoda"
"858","Leaena wandelensis","Annelida"
"859","Archiconchoecemma simula","Arthropoda"
"860","Toledonia elata","Mollusca"
"861","Pygoscelis antarcticus","Chordata"
"862","Andaniotes linearis","Arthropoda"
"863","Liljeborgia georgiana","Arthropoda"
"864","Oradarea walkeri","Arthropoda"
"865","Gaetanus tenuispinus","Arthropoda"
"866","Pallenopsis villosa","Arthropoda"
"867","Ophiomastus meridionalis","Echinodermata"
"868","Ophiura lenticularis","Echinodermata"
"869","Anthomastus bathyproctus","Cnidaria"
"870","Tisbe prolata","Arthropoda"
"871","Trulliobdella capitis","Annelida"
"872","Callochiton steinenii","Mollusca"
"873","Cativella bensoni","Arthropoda"
"874","Primnoisis (Primnoisis) fragilis","Cnidaria"
"875","Cumella emergens","Arthropoda"
"876","Proceroecia brachyaskos","Arthropoda"
"877","Leitoscoloplos kerguelensis","Annelida"
"878","Hemigellius bidens","Porifera"
"879","Amphiura algida","Echinodermata"
"880","Isosicyonis alba","Cnidaria"
"881","Trachythyone bouvetensis","Echinodermata"
"882","Reteporella gelida","Bryozoa"
"883","Reteporella longichila","Bryozoa"
"884","Aegiochus glacialis","Arthropoda"
"885","Leptanthura glacialis","Arthropoda"
"886","Eudorella gracilior","Arthropoda"
"887","Falsilunatia fartilis","Mollusca"
"888","Prosipho elongatus","Mollusca"
"889","Ampelisca hemicryptops","Arthropoda"
"890","Collettea antarctica","Arthropoda"
"891","Philomedes heptathrix","Arthropoda"
"892","Neocalanus tonsus","Arthropoda"
"893","Paraeuchaeta tycodesma","Arthropoda"
"894","Rhynchonereella bongraini","Annelida"
"895","Cerithiella antarctica","Mollusca"
"896","Debroyerella fougneri","Arthropoda"
"897","Echinopsolus acutus","Echinodermata"
"898","Echinopsolus mollis","Echinodermata"
"899","Orchomenella franklini","Arthropoda"
"900","Epimeria (Laevepimeria) walkeri","Arthropoda"
"901","Pleuromamma robusta","Arthropoda"
"902","Elpidia glacialis","Echinodermata"
"903","Molpadia musculus","Echinodermata"
"904","Typhlotanais mixtus","Arthropoda"
"905","Baseodiscus antarcticus","Nemertea"
"906","Amphipneustes similis","Echinodermata"
"907","Dermatreton scotti","Porifera"
"908","Microxina phakellioides","Porifera"
"909","Myxilla (Ectyomyxilla) mariana","Porifera"
"910","Polymastia isidis","Porifera"
"911","Camptoplites latus","Bryozoa"
"912","Eurycyde antarctica","Arthropoda"
"913","Austropallene cristata","Arthropoda"
"914","Amastigia antarctica","Bryozoa"
"915","Amphiura deficiens","Echinodermata"
"916","Glaciacantha doederleini","Echinodermata"
"917","Oswaldella incognita","Cnidaria"
"918","Leucon (Crymoleucon) sagitta","Arthropoda"
"919","Campylaspis quadriplicata","Arthropoda"
"920","Aegires albus","Mollusca"
"921","Dickdellia labioflecta","Mollusca"
"922","Eumetula dilecta","Mollusca"
"923","Falsilunatia falklandica","Mollusca"
"924","Onoba paucilirata","Mollusca"
"925","Pseudokellya cardiformis","Mollusca"
"926","Skenella paludinoides","Mollusca"
"927","Manithyris rossi","Brachiopoda"
"928","Monoculodes curtipediculus","Arthropoda"
"929","Eusirus microps","Arthropoda"
"930","Ainigmaptilon antarcticum","Cnidaria"
"931","Ophioplinthus tuberosa","Echinodermata"
"932","Adelieledone polymorpha","Mollusca"
"933","Pareledone panchroma","Mollusca"
"934","Oswaldella laertesi","Cnidaria"
"935","Echinopsolus charcoti","Echinodermata"
"936","Epimeria (Hoplepimeria) georgiana","Arthropoda"
"937","Charcotia obesa","Arthropoda"
"938","Habrotrocha angularis","Rotifera"
"939","Scaphocalanus brevicornis","Arthropoda"
"940","Spinocalanus abyssalis","Arthropoda"
"941","Spinocalanus magnus","Arthropoda"
"942","Glycera capitata","Annelida"
"943","Polynoe laevis","Annelida"
"944","Travisiopsis levinseni","Annelida"
"945","Microxina charcoti","Porifera"
"946","Lissodendoryx (Ectyodoryx) nobilis","Porifera"
"947","Plocamionida gaussiana","Porifera"
"948","Pseudosuberites exalbicans","Porifera"
"949","Gaussaster antarcticus","Echinodermata"
"950","Pergamaster incertus","Echinodermata"
"951","Cilunculus cactoides","Arthropoda"
"952","Austropallene gracilipes","Arthropoda"
"953","Colossendeis scotti","Arthropoda"
"954","Corella eumyota","Chordata"
"955","Leptoecia benthaliana","Annelida"
"956","Isometra graminea","Echinodermata"
"957","Procampylaspis compressa","Arthropoda"
"958","Bathyarca sinuata","Mollusca"
"959","Belaturricula turrita","Mollusca"
"960","Lophiotoma pseudoannulata","Mollusca"
"961","Obscuranella papyrodes","Mollusca"
"962","Prosipho tuberculatus","Mollusca"
"963","Streptocionella pluralis","Mollusca"
"964","Epsilonema cyrtum","Nematoda"
"965","Ophiuroglypha ambigua","Echinodermata"
"966","Aristias antarcticus","Arthropoda"
"967","Anchiphimedia dorsalis","Arthropoda"
"968","Stegophiura elevata","Echinodermata"
"969","Thaumeledone brevis","Mollusca"
"970","Tractolira delli","Mollusca"
"971","Cyclochlamys hexagonalis","Mollusca"
"972","Pterocirrus hunteri","Annelida"
"973","Flustra anguloavicularis","Bryozoa"
"974","Klugeflustra vanhoeffeni","Bryozoa"
"975","Cellarinella laytoni","Bryozoa"
"976","Cytheropteron (Loxoreticulatum) fallax","Arthropoda"
"977","Volvarina ealesae","Mollusca"
"978","Primnoisis (Delicatisis) delicatula","Cnidaria"
"979","Lucicutia ovalis","Arthropoda"
"980","Scolecithricella minor","Arthropoda"
"981","Ellisina antarctica","Bryozoa"
"982","Puncturella noachina","Mollusca"
"983","Amphiporus multihastatus","Nemertea"
"984","Deontostoma aucklandiae","Nematoda"
"985","Haliclona penicillata","Porifera"
"986","Microxina lanceolata","Porifera"
"987","Stelletta maori","Porifera"
"988","Smilasterias triremis","Echinodermata"
"989","Acodontaster elongatus","Echinodermata"
"990","Austroraptus praecox","Arthropoda"
"991","Caenagnesia bocki","Chordata"
"992","Colossendeis hoeki","Arthropoda"
"993","Cystodytes antarcticus","Chordata"
"994","Osthimosia fusticula","Bryozoa"
"995","Aplidium cyaneum","Chordata"
"996","Aplidium falklandicum","Chordata"
"997","Austrophyllum charcoti","Annelida"
"998","Reteporella hippocrepis","Bryozoa"
"999","Smittina incernicula","Bryozoa"
"1000","Smittoidea pugiuncula","Bryozoa"
"1001","Chitinopomoides wilsoni","Annelida"
"1002","Austrosignum glaciale","Arthropoda"
"1003","Diplasterias brandti","Echinodermata"
"1004","Acteon antarcticus","Mollusca"
"1005","Eumetula strebeli","Mollusca"
"1006","Limatula ovalis","Mollusca"
"1007","Epsilonema docidocricum","Nematoda"
"1008","Euphausia triacantha","Arthropoda"
"1009","Melphidippa antarctica","Arthropoda"
"1010","Ceradocoides chiltoni","Arthropoda"
"1011","Pseudiphimediella nodosa","Arthropoda"
"1012","Syrrhoe psychrophila","Arthropoda"
"1013","Pallenopsis spicata","Arthropoda"
"1014","Oneirophanta setigera","Echinodermata"
"1015","Gaetanus brevispinus","Arthropoda"
"1016","Solidosagitta marri","Chaetognatha"
"1017","Thouarella (Thouarella) variabilis","Cnidaria"
"1018","Mimoscina setosa","Arthropoda"
"1019","Myxilla (Burtonanchora) lissostyla","Porifera"
"1020","Pseudoamallothrix ovata","Arthropoda"
"1021","Scaphocalanus antarcticus","Arthropoda"
"1022","Pseudocyclopina belgicae","Arthropoda"
"1023","Paraheterorhabdus robustus","Arthropoda"
"1024","Grania algida","Annelida"
"1025","Microcythere frigida","Arthropoda"
"1026","Caprellinoides tristanensis","Arthropoda"
"1027","Dendroperistoma projecta","Bryozoa"
"1028","Typhlotanais cornutus","Arthropoda"
"1029","Staurocucumis turqueti","Echinodermata"
"1030","Epimeria (Subepimeria) puncticulata","Arthropoda"
"1031","Curnon granulosa","Mollusca"
"1032","Typhloscolex muelleri","Annelida"
"1033","Abatus philippii","Echinodermata"
"1034","Pilematechinus vesica","Echinodermata"
"1035","Pseudechinus magellanicus","Echinodermata"
"1036","Mycale (Carmia) gaussiana","Porifera"
"1037","Hymedesmia (Hymedesmia) decepta","Porifera"
"1038","Pteraster affinis","Echinodermata"
"1039","Ampharete kerguelensis","Annelida"
"1040","Ammothea allopodes","Arthropoda"
"1041","Camptoplites rectilinearis","Bryozoa"
"1042","Notoplites uniserialis","Bryozoa"
"1043","Exallozoon simplicissimum","Bryozoa"
"1044","Ophiura rouchi","Echinodermata"
"1045","Aglaophamus macroura","Annelida"
"1046","Pyura squamata","Chordata"
"1047","Alcyonidium flabelliforme","Bryozoa"
"1048","Lacerna watersi","Bryozoa"
"1049","Reteporella parva","Bryozoa"
"1050","Aimulosia antarctica","Bryozoa"
"1051","Smittina rogickae","Bryozoa"
"1052","Antarcturus polaris","Arthropoda"
"1053","Cymodocella tubicauda","Arthropoda"
"1054","Diastylis mawsoni","Arthropoda"
"1055","Belaturricula gaini","Mollusca"
"1056","Notoficula bouveti","Mollusca"
"1057","Toledonia palmeri","Mollusca"
"1058","Torellia cornea","Mollusca"
"1059","Torellia insignis","Mollusca"
"1060","Pseudomma belgicae","Arthropoda"
"1061","Symplectoscyphus liouvillei","Cnidaria"
"1062","Akarotaxis nudiceps","Chordata"
"1063","Pogonophryne marmorata","Chordata"
"1064","Bathydraco scotiae","Chordata"
"1065","Amphithyris hallettensis","Brachiopoda"
"1066","Echiniphimedia scotti","Arthropoda"
"1067","Oradarea acuminata","Arthropoda"
"1068","Metopoides heterostylis","Arthropoda"
"1069","Acanthonotozomoides oatesi","Arthropoda"
"1070","Pallenopsis lateralia","Arthropoda"
"1071","Pogonophryne albipinna","Chordata"
"1072","Cnidanthus polaris","Cnidaria"
"1073","Pareledone subtilis","Mollusca"
"1074","Vibilia antarctica","Arthropoda"
"1075","Amphitrite kerguelensis","Annelida"
"1076","Praxillella kerguelensis","Annelida"
"1077","Euaugaptilus antarcticus","Arthropoda"
"1078","Euchirella rostromagna","Arthropoda"
"1079","Siphonodentalium dalli","Mollusca"
"1080","Paralabidocera grandispina","Arthropoda"
"1081","Scaphocalanus farrani","Arthropoda"
"1082","Austrotrachyleberis antarctica","Arthropoda"
"1083","Macroscapha turbida","Arthropoda"
"1084","Plesiothoa calculosa","Bryozoa"
"1085","Brookula pfefferi","Mollusca"
"1086","Laevilitorina antarctica","Mollusca"
"1087","Pseudoscalibregma bransfieldium","Annelida"
"1088","Mycale (Mycale) fibrosa","Porifera"
"1089","Aplidium caeruleum","Chordata"
"1090","Lonchotaster tartareus","Echinodermata"
"1091","Artemisina apollinis","Porifera"
"1092","Pseudosuberites montiniger","Porifera"
"1093","Nephasoma (Nephasoma) diaphanes","Sipuncula"
"1094","Bathyteuthis abyssicola","Mollusca"
"1095","Torellia delicata","Mollusca"
"1096","Greeffiella antarctica","Nematoda"
"1097","Biemna chilensis","Porifera"
"1098","Guitarra dendyi","Porifera"
"1099","Ophiomastus serratus","Echinodermata"
"1100","Distaplia colligans","Chordata"
"1101","Osthimosia mariae","Bryozoa"
"1102","Nymphon unguiculatum","Arthropoda"
"1103","Aplidium loricatum","Chordata"
"1104","Ophiosteira debitor","Echinodermata"
"1105","Isoschizoporella secunda","Bryozoa"
"1106","Escharella mamillata","Bryozoa"
"1107","Culeolus murrayi","Chordata"
"1108","Hydractinia angusta","Cnidaria"
"1109","Smittina anecdota","Bryozoa"
"1110","Smittina obicullata","Bryozoa"
"1111","Antarcturus furcatus","Arthropoda"
"1112","Natatolana meridionalis","Arthropoda"
"1113","Pista godfroyi","Annelida"
"1114","Golfingia (Golfingia) muricaudata","Sipuncula"
"1115","Primno macropa","Arthropoda"
"1116","Eudorella sordida","Arthropoda"
"1117","Haliclona (Reniera) altera","Porifera"
"1118","Admete haini","Mollusca"
"1119","Amauropsis anderssoni","Mollusca"
"1120","Bathyberthella antarctica","Mollusca"
"1121","Prosipho hedleyi","Mollusca"
"1122","Solariella antarctica","Mollusca"
"1123","Toledonia punctata","Mollusca"
"1124","Notasterias pedicellaris","Echinodermata"
"1125","Paralophaster lorioli","Echinodermata"
"1126","Paraphoxus pyripes","Arthropoda"
"1127","Torometopa antarctica","Arthropoda"
"1128","Tryphosites chevreuxi","Arthropoda"
"1129","Rhachotropis antarctica","Arthropoda"
"1130","Tanaopsis kerguelenensis","Arthropoda"
"1131","Leptognathia glandiceps","Arthropoda"
"1132","Paratyphlotanais alveolus","Arthropoda"
"1133","Hymenaster caelatus","Echinodermata"
"1134","Aetideopsis minor","Arthropoda"
"1135","Harpacticus furcifer","Arthropoda"
"1136","Tisbe spinulosa","Arthropoda"
"1137","Glyptonotus acutus","Arthropoda"
"1138","Cirroctopus glacialis","Mollusca"
"1139","Scina antarctica","Arthropoda"
"1140","Oncaea brocha","Arthropoda"
"1141","Onchocalanus wolfendeni","Arthropoda"
"1142","Pleurobdella varituberculata","Annelida"
"1143","Paradoxostoma hypselum","Arthropoda"
"1144","Nodoconcha minuta","Arthropoda"
"1145","Buffonellodes antarctica","Bryozoa"
"1146","Cerithiella seymouriana","Mollusca"
"1147","Neopolynoe antarctica","Annelida"
"1148","Molotanaissus makrotrichos","Arthropoda"
"1149","Parakanthophoreus multiserratus","Arthropoda"
"1150","Primnoisis (Delicatisis) gracilis","Cnidaria"
"1151","Alexandrella schellenbergi","Arthropoda"
"1152","Lafoea dumosa","Cnidaria"
"1153","Psychropotes longicauda","Echinodermata"
"1154","Oncaea englishi","Arthropoda"
"1155","Triconia conifera","Arthropoda"
"1156","Guitarra fimbriata","Porifera"
"1157","Stercorarius skua","Chordata"
"1158","Leucettusa lancifera","Porifera"
"1159","Lissodendoryx (Lissodendoryx) innominata","Porifera"
"1160","Cladothenea andriashevi","Porifera"
"1161","Caulophacus (Caulophacus) antarcticus","Porifera"
"1162","Ammothea gigantea","Arthropoda"
"1163","Notoplites watersi","Bryozoa"
"1164","Amphiblestrum rossi","Bryozoa"
"1165","Ellisina constantia","Bryozoa"
"1166","Molgula euplicata","Chordata"
"1167","Ophiomastus bispinosus","Echinodermata"
"1168","Nymphon adareanum","Arthropoda"
"1169","Aplidium fuegiense","Chordata"
"1170","Pycnogonum platylophum","Arthropoda"
"1171","Ophiura crassa","Echinodermata"
"1172","Klugeflustra drygalskii","Bryozoa"
"1173","Dakariella dabrowni","Bryozoa"
"1174","Paradiopatra ehlersi","Annelida"
"1175","Cellarinella rogickae","Bryozoa"
"1176","Halecium incertus","Cnidaria"
"1177","Smittoidea albula","Bryozoa"
"1178","Symplectoscyphus glacialis","Cnidaria"
"1179","Symplectoscyphus plectilis","Cnidaria"
"1180","Symplectoscyphus vanhoeffeni","Cnidaria"
"1181","Staurotheca frigida","Cnidaria"
"1182","Staurotheca vanhoeffeni","Cnidaria"
"1183","Diastylis enigmatica","Arthropoda"
"1184","Diastylopsis goekei","Arthropoda"
"1185","Leptostylis antipus","Arthropoda"
"1186","Hemilamprops ultimaespei","Arthropoda"
"1187","Antarctodomus thielei","Mollusca"
"1188","Chlanidota vestita","Mollusca"
"1189","Doto antarctica","Mollusca"
"1190","Lorabela plicatula","Mollusca"
"1191","Murdochella antarctica","Mollusca"
"1192","Pleurotomella rossi","Mollusca"
"1193","Proneptunea rossiana","Mollusca"
"1194","Torellia planispira","Mollusca"
"1195","Latrunculia (Latrunculia) brevis","Porifera"
"1196","Bathydraco antarcticus","Chordata"
"1197","Neorhynchia strebeli","Brachiopoda"
"1198","Podoprionides incerta","Arthropoda"
"1199","Prolaphystius isopodops","Arthropoda"
"1200","Jassa goniamera","Arthropoda"
"1201","Podocerus septemcarinatus","Arthropoda"
"1202","Syrrhoites anaticauda","Arthropoda"
"1203","Oradarea tridentata","Arthropoda"
"1204","Haplocheira plumosa","Arthropoda"
"1205","Ekelofia eltanin","Arthropoda"
"1206","Echiniphimedia waegelei","Arthropoda"
"1207","Hippomedon kergueleni","Arthropoda"
"1208","Ophiacantha densispina","Echinodermata"
"1209","Paranarthrura fortispina","Arthropoda"
"1210","Cnemidocarpa nordenskjldi","Chordata"
"1211","Molgula gigantea","Chordata"
"1212","Caecognathia calva","Arthropoda"
"1213","Artedidraco glareobarbatus","Chordata"
"1214","Eudendrium tottoni","Cnidaria"
"1215","Laophontodes macclintocki","Arthropoda"
"1216","Laophontodes spongiosus","Arthropoda"
"1217","Aetideopsis antarctica","Arthropoda"
"1218","Candacia falcifera","Arthropoda"
"1219","Grania angustinasus","Annelida"
"1220","Cryobdella levigata","Annelida"
"1221","Leptochiton kerguelensis","Mollusca"
"1222","Stercorarius antarcticus","Chordata"
"1223","Ophelina syringopyge","Annelida"
"1224","Jassa marmorata","Arthropoda"
"1225","Tricoma maxima","Nematoda"
"1226","Laetmogone violacea","Echinodermata"
"1227","Tentorium semisuberites","Porifera"
"1228","Meromonakantha macrocephala","Arthropoda"
"1229","Amphiporus moseleyi","Nemertea"
"1230","Abatus cavernosus","Echinodermata"
"1231","Bathyepsilonema drygalskii","Nematoda"
"1232","Bathyepsilonema brachycephalum","Nematoda"
"1233","Desmoscolex gerlachi","Nematoda"
"1234","Leucandra levis","Porifera"
"1235","Dysidea oculata","Porifera"
"1236","Haliclona bilamellata","Porifera"
"1237","Haliclona virens","Porifera"
"1238","Clathria (Axosuberites) ramea","Porifera"
"1239","Clathria (Clathria) toxipraedita","Porifera"
"1240","Rhabderemia coralloides","Porifera"
"1241","Penares tylotaster","Porifera"
"1242","Stelletta purpurea","Porifera"
"1243","Hemiasterella digitata","Porifera"
"1244","Acanthopolymastia acanthoxa","Porifera"
"1245","Amythas membranifera","Annelida"
"1246","Amage sculpta","Annelida"
"1247","Cornucopina pectogemma","Bryozoa"
"1248","Ophryotrocha notialis","Annelida"
"1249","Ophiacantha frigida","Echinodermata"
"1250","Valdemunitella lata","Bryozoa"
"1251","Ophiomitrella conferta","Echinodermata"
"1252","Aplidium imbutum","Chordata"
"1253","Nymphon tenuipes","Arthropoda"
"1254","Nymphon villosum","Arthropoda"
"1255","Paraninoe antarctica","Annelida"
"1256","Pyura multiruga","Chordata"
"1257","Rhizorhagium antarcticum","Cnidaria"
"1258","Thaumatocrinus renovatus","Echinodermata"
"1259","Psolus punctatus","Echinodermata"
"1260","Bathyplotes gourdoni","Echinodermata"
"1261","Litoscalpellum discoveryi","Arthropoda"
"1262","Myrioglobula antarctica","Annelida"
"1263","Fenestrulina parvipora","Bryozoa"
"1264","Cellarinella watersi","Bryozoa"
"1265","Natatolana intermedia","Arthropoda"
"1266","Phascolion (Montuga) lutense","Sipuncula"
"1267","Hymedesmia (Hymedesmia) unguifera","Porifera"
"1268","Pleurotomella enderbyensis","Mollusca"
"1269","Yoldiella oblonga","Mollusca"
"1270","Farrania frigida","Arthropoda"
"1271","Amblyops tattersalli","Arthropoda"
"1272","Draconema antarcticum","Nematoda"
"1273","Clathria (Axosuberites) flabellata","Porifera"
"1274","Aethotaxis mitopteryx","Chordata"
"1275","Pagothenia brachysoma","Chordata"
"1276","Gymnoscopelus bolini","Chordata"
"1277","Pogonophryne immaculata","Chordata"
"1278","Paragammaropsis prenes","Arthropoda"
"1279","Schraderia gracilis","Arthropoda"
"1280","Parschisturella carinata","Arthropoda"
"1281","Ampelisca anversensis","Arthropoda"
"1282","Amphilochus marionis","Arthropoda"
"1283","Neoxenodice cryophile","Arthropoda"
"1284","Benthodytes sanguinolenta","Echinodermata"
"1285","Pseudonototanais bransfieldensis","Arthropoda"
"1286","Culeolus antarcticus","Chordata"
"1287","Cephalodiscus fumosus","Hemichordata"
"1288","Filellum antarcticum","Cnidaria"
"1289","Leptopenus discus","Cnidaria"
"1290","Lillipathes lillei","Cnidaria"
"1291","Ophioplinthus wallini","Echinodermata"
"1292","Eulagisca uschakovi","Annelida"
"1293","Eunoe opalina","Annelida"
"1294","Eulalia magalaensis","Annelida"
"1295","Cornucalanus robustus","Arthropoda"
"1296","Oncaea convexa","Arthropoda"
"1297","Paraeuchaeta rasa","Arthropoda"
"1298","Tharybis magna","Arthropoda"
"1299","Herpyllobius hartmanae","Arthropoda"
"1300","Petalidium foliaceum","Arthropoda"
"1301","Megaliobdella szidati","Annelida"
"1302","Antarctiloxoconcha frigida","Arthropoda"
"1303","Cytheropteron gaussi","Arthropoda"
"1304","Stauroteuthis gilchristi","Mollusca"
"1305","Harmothoe fuligineum","Annelida"
"1306","Bicrisia edwardsiana","Bryozoa"
"1307","Cucamba psolidiformis","Echinodermata"
"1308","Brookula strebeli","Mollusca"
"1309","Spongiobranchaea australis","Mollusca"
"1310","Cactosoma asperum","Cnidaria"
"1311","Edwardsiella andrillae","Cnidaria"
"1312","Parakanthophoreus multiserratoides","Arthropoda"
"1313","Orchomenella chelipes","Arthropoda"
"1314","Orchomenella chilensis","Arthropoda"
"1315","Leptochiton smirnovi","Mollusca"
"1316","Epimeria (Epimeriella) scabrosa","Arthropoda"
"1317","Antarctonemertes unilineata","Nemertea"
"1318","Waegelea antarctica","Mollusca"
"1319","Paraeuchaeta kurilensis","Arthropoda"
"1320","Lucicutia macrocera","Arthropoda"
"1321","Eudendrium ramosum","Cnidaria"
"1322","Halicreas minimum","Cnidaria"
"1323","Desmacidon fruticosum","Porifera"
"1324","Atolla wyvillei","Cnidaria"
"1325","Antarcticonema comicapitatum","Nematoda"
"1326","Achramorpha truncata","Porifera"
"1327","Sycantha longstaffi","Porifera"
"1328","Halichondria (Halichondria) prostrata","Porifera"
"1329","Haliclona (Reniera) topsenti","Porifera"
"1330","Microxina sarai","Porifera"
"1331","Xestospongia hispida","Porifera"
"1332","Isodictya verrucosa","Porifera"
"1333","Mycale (Mycale) lapidiformis","Porifera"
"1334","Mycale (Mycale) tridens","Porifera"
"1335","Kirkpatrickia coulmani","Porifera"
"1336","Myxilla (Ectyomyxilla) kerguelensis","Porifera"
"1337","Aplysina minima","Porifera"
"1338","Geodia vestigifera","Porifera"
"1339","Poecillastra schulzei","Porifera"
"1340","Trilaminopora trinervis","Bryozoa"
"1341","Arachnopusia aquilina","Bryozoa"
"1342","Ammothea sextarticulata","Arthropoda"
"1343","Bugula longissima","Bryozoa"
"1344","Austrodecus fagei","Arthropoda"
"1345","Molgula hodgsoni","Chordata"
"1346","Molgula robini","Chordata"
"1347","Nymphon biarticulatum","Arthropoda"
"1348","Spigaleos horneroides","Bryozoa"
"1349","Nymphon lomani","Arthropoda"
"1350","Nymphon monothrix","Arthropoda"
"1351","Nymphon tenuimanum","Arthropoda"
"1352","Euvondrea floretta","Echinodermata"
"1353","Exochella hymanae","Bryozoa"
"1354","Molpadia liska","Echinodermata"
"1355","Crucella hystrix","Echinodermata"
"1356","Turritigera cribrata","Bryozoa"
"1357","Acanthophragma polaris","Bryozoa"
"1358","Fenestrulina cervicornis","Bryozoa"
"1359","Fenestrulina exigua","Bryozoa"
"1360","Smittina abditavicularis","Bryozoa"
"1361","Smittina alticollarita","Bryozoa"
"1362","Smittoidea malleata","Bryozoa"
"1363","Eulagisca gigantea","Annelida"
"1364","Harmothoe magellanica","Annelida"
"1365","Symplectoscyphus curvatus","Cnidaria"
"1366","Chaetarcturus franklini","Arthropoda"
"1367","Litarcturus lillei","Arthropoda"
"1368","Jaspis novaezealandiae","Porifera"
"1369","Parapneustes cordatus","Echinodermata"
"1370","Proceroecia rivotella","Arthropoda"
"1371","Bathybembix delicatula","Mollusca"
"1372","Pellilitorina setosa","Mollusca"
"1373","Sinuber sculptum","Mollusca"
"1374","Triphora delicatula","Mollusca"
"1375","Amallothrix valida","Arthropoda"
"1376","Hansenomysis antarctica","Arthropoda"
"1377","Paradraconema antarcticum","Nematoda"
"1378","Ommatophoca rossii","Chordata"
"1379","Stegella lobata","Cnidaria"
"1380","Coryphaenoides lecointei","Chordata"
"1381","Vomeridens infuscipinnis","Chordata"
"1382","Racovitzia glacialis","Chordata"
"1383","Pseudharpinia vallini","Arthropoda"
"1384","Atyloella quadridens","Arthropoda"
"1385","Thaumatelson herdmani","Arthropoda"
"1386","Pseudischyrocerus distichon","Arthropoda"
"1387","Transorchestia chiliensis","Arthropoda"
"1388","Kerguelenia antarctica","Arthropoda"
"1389","Cadlina affinis","Mollusca"
"1390","Mimicarhaphura immanis","Arthropoda"
"1391","Ascidia meridionalis","Chordata"
"1392","Bahalana geracei","Arthropoda"
"1393","Bathyctena chuni","Ctenophora"
"1394","Terebellides kerguelensis","Annelida"
"1395","Convexella magelhaenica","Cnidaria"
"1396","Minuisis pseudoplanum","Cnidaria"
"1397","Megaleledone setebos","Mollusca"
"1398","Hyperia macrocephala","Arthropoda"
"1399","Eulagisca macnabi","Annelida"
"1400","Perkinsiana borsibrunoi","Annelida"
"1401","Spiophanes prestigium","Annelida"
"1402","Dorymenia usarpi","Mollusca"
"1403","Oncaea bowmani","Arthropoda"
"1404","Oncaea damkaeri","Arthropoda"
"1405","Notopais spinosa","Arthropoda"
"1406","Glandicephalus perfoliatus","Platyhelminthes"
"1407","Chondrocladia (Chondrocladia) nani","Porifera"
"1408","Amallothrix polaris","Arthropoda"
"1409","Microdajus aporosus","Arthropoda"
"1410","Callochiton bouveti","Mollusca"
"1411","Copytus elongatus","Arthropoda"
"1412","Hemicytherura irregularis","Arthropoda"
"1413","Rhachotropis abyssalis","Arthropoda"
"1414","Prosipho antarctidis","Mollusca"
"1415","Toledonia perplexa","Mollusca"
"1416","Molpadiodemas villosus","Echinodermata"
"1417","Pseudostichopus peripatus","Echinodermata"
"1418","Psychropotes scotiae","Echinodermata"
"1419","Notaeolidia gigas","Mollusca"
"1420","Favosthimosia milleporoides","Bryozoa"
"1421","Phorbas bergmontae","Porifera"
"1422","Laevilacunaria antarctica","Mollusca"
"1423","Sigmodota magnibacula","Echinodermata"
"1424","Scaphodactylus perlatus","Arthropoda"
"1425","Ampharete elongata","Annelida"
"1426","Platypyxis inconstantia","Bryozoa"
"1427","Orchomenella acanthurus","Arthropoda"
"1428","Cirratulus jucundus","Annelida"
"1429","Balaenocyamus balaenopterae","Arthropoda"
"1430","Antarctophiline apertissima","Mollusca"
"1431","Mycale (Oxymycale) tylotornota","Porifera"
"1432","Platorchestia platensis","Arthropoda"
"1433","Bathyoncus mirabilis","Chordata"
"1434","Euaugaptilus laticeps","Arthropoda"
"1435","Euaugaptilus nodifrons","Arthropoda"
"1436","Scaphocalanus affinis","Arthropoda"
"1437","Obelia bidentata","Cnidaria"
"1438","Desmoscolex labiosus","Nematoda"
"1439","Tricoma nematoides","Nematoda"
"1440","Echinocucumis hispida","Echinodermata"
"1441","Conchoecissa imbricata","Arthropoda"
"1442","Gaussicia edentata","Arthropoda"
"1443","Cirratulus cirratus","Annelida"
"1444","Leucosolenia variabilis","Porifera"
"1445","Ircinia variabilis","Porifera"
"1446","Haliclona (Gellius) cucurbitiformis","Porifera"
"1447","Esperiopsis villosa","Porifera"
"1448","Plakina trilopha","Porifera"
"1449","Austrolaenilla antarctica","Annelida"
"1450","Anticoma subsimilis","Nematoda"
"1451","Prochromadorella antarctica","Nematoda"
"1452","Grahamius odhneri","Nematoda"
"1453","Callyspongia (Callyspongia) serpentina","Porifera"
"1454","Gelliodes spongiosa","Porifera"
"1455","Hemigellius tenella","Porifera"
"1456","Iophon aceratum","Porifera"
"1457","Desmacella vestibularis","Porifera"
"1458","Chondropsis chaliniformis","Porifera"
"1459","Hymenancora rufa","Porifera"
"1460","Tedania (Tedaniopsis) turbinata","Porifera"
"1461","Tetilla coronida","Porifera"
"1462","Hyalonema (Cyliconema) drygalskii","Porifera"
"1463","Caulophacus (Caulodiscus) lotifolium","Porifera"
"1464","Rossella longstaffi","Porifera"
"1465","Henricia smilax","Echinodermata"
"1466","Notioceramus anomalus","Echinodermata"
"1467","Pteraster koehleri","Echinodermata"
"1468","Actinoscyphia plebeia","Cnidaria"
"1469","Paramphinome australis","Annelida"
"1470","Austroraptus sicarius","Arthropoda"
"1471","Sericosura mitrata","Arthropoda"
"1472","Bugulella klugei","Bryozoa"
"1473","Macrochaeta papillosa","Annelida"
"1474","Colossendeis concedis","Arthropoda"
"1475","Xylochotridens rangifer","Bryozoa"
"1476","Osthimosia clavata","Bryozoa"
"1477","Osthimosia claviformis","Bryozoa"
"1478","Nymphon longicollum","Arthropoda"
"1479","Chaperiopsis quadrispinosa","Bryozoa"
"1480","Chaperiopsis protecta","Bryozoa"
"1481","Ophiosteira rotundata","Echinodermata"
"1482","Synoicum ostentor","Chordata"
"1483","Escharoides praestita","Bryozoa"
"1484","Escharoides tridens","Bryozoa"
"1485","Nothria anoculata","Annelida"
"1486","Phrixometra rayneri","Echinodermata"
"1487","Solanometra antarctica","Echinodermata"
"1488","Litoscalpellum compactum","Arthropoda"
"1489","Phyllodoce adarensis","Annelida"
"1490","Reteporella antarctica","Bryozoa"
"1491","Aspericreta favulosa","Bryozoa"
"1492","Thenea delicata","Porifera"
"1493","Smittina directa","Bryozoa"
"1494","Halecium antarcticum","Cnidaria"
"1495","Halecium pallens","Cnidaria"
"1496","Campanularia hicksoni","Cnidaria"
"1497","Aspericreta crassatina","Bryozoa"
"1498","Lafoea gaussica","Cnidaria"
"1499","Antarctoscyphus elongatus","Cnidaria"
"1500","Antarcturus horridus","Arthropoda"
"1501","Perkinsiana milae","Annelida"
"1502","Dolichiscus meridionalis","Arthropoda"
"1503","Schizotricha falcata","Cnidaria"
"1504","Vermiliopsis notialis","Annelida"
"1505","Laonice antarcticae","Annelida"
"1506","Euneognathia gigas","Arthropoda"
"1507","Lysilla macintoshi","Annelida"
"1508","Polycirrus antarcticus","Annelida"
"1509","Munna globicauda","Arthropoda"
"1510","Diastylis corniculata","Arthropoda"
"1511","Campylaspis maculata","Arthropoda"
"1512","Bathydomus obtectus","Mollusca"
"1513","Calliotropis lateumbilicata","Mollusca"
"1514","Liotella endeavourensis","Mollusca"
"1515","Neactaeonina fragilis","Mollusca"
"1516","Nucula austrobenthalis","Mollusca"
"1517","Pleurotomella endeavourensis","Mollusca"
"1518","Propeamussium meridionale","Mollusca"
"1519","Prosipho congenitus","Mollusca"
"1520","Prosipho crassicostatus","Mollusca"
"1521","Trilirata sexcarinata","Mollusca"
"1522","Gymnoscopelus piabilis","Chordata"
"1523","Diplulmaris antarctica","Cnidaria"
"1524","Sterna vittata","Chordata"
"1525","Hansenomysis angusticauda","Arthropoda"
"1526","Dactylamblyops hodgsoni","Arthropoda"
"1527","Dichromadora antarctica","Nematoda"
"1528","Neochromadora edentata","Nematoda"
"1529","Eudendrium generale","Cnidaria"
"1530","Halecium ovatum","Cnidaria"
"1531","Pogonophryne mentella","Chordata"
"1532","Seleniolycus laevifasciatus","Chordata"
"1533","Ophthalmolycus bothriocephalus","Chordata"
"1534","Paraliparis rossi","Chordata"
"1535","Hymenaster edax","Echinodermata"
"1536","Pteraster rugatus","Echinodermata"
"1537","Lepechinella drygalskii","Arthropoda"
"1538","Abyssorchomene nodimanus","Arthropoda"
"1539","Gammaropsis (Gammaropsis) longicornis","Arthropoda"
"1540","Abyssorchomene scotianensis","Arthropoda"
"1541","Paroediceroides sinuata","Arthropoda"
"1542","Paramoera gregaria","Arthropoda"
"1543","Paraperioculodes brevirostris","Arthropoda"
"1544","Djerboa furcipes","Arthropoda"
"1545","Paramoera macquariae","Arthropoda"
"1546","Magasella sanguinea","Brachiopoda"
"1547","Hymenaster crucifer","Echinodermata"
"1548","Aplidium balleniae","Chordata"
"1549","Molguloides vitrea","Chordata"
"1550","Paramolgula gregaria","Chordata"
"1551","Lyrocteis flavopallidus","Ctenophora"
"1552","Actinostola chilensis","Cnidaria"
"1553","Edwardsiella ignota","Cnidaria"
"1554","Hormathia insignis","Cnidaria"
"1555","Eudendrium scotti","Cnidaria"
"1556","Errina antarctica","Cnidaria"
"1557","Stegolaria irregularis","Cnidaria"
"1558","Diphyes antarctica","Cnidaria"
"1559","Umbellulifera striata","Cnidaria"
"1560","Ainigmaptilon edisto","Cnidaria"
"1561","Philomedes orbicularis","Arthropoda"
"1562","Archasterope pentathrix","Arthropoda"
"1563","Thaumeledone peninsulae","Mollusca"
"1564","Paralanceola anomala","Arthropoda"
"1565","Paralaeospira parallela","Annelida"
"1566","Anobothrus patagonicus","Annelida"
"1567","Myzostoma cysticolum","Annelida"
"1568","Conaea hispida","Arthropoda"
"1569","Micropilina arntzi","Mollusca"
"1570","Macvicaria pennelli","Platyhelminthes"
"1571","Paraeuchaeta eltaninae","Arthropoda"
"1572","Zoroaster spinulosus","Echinodermata"
"1573","Grania carchinii","Annelida"
"1574","Bairdoppilata simplex","Arthropoda"
"1575","Myrena meridionalis","Arthropoda"
"1576","Hemicytherura anomala","Arthropoda"
"1577","Holodentata triangulata","Arthropoda"
"1578","Disporella humilis","Bryozoa"
"1579","Osthimosia eatonensis","Bryozoa"
"1580","Pareuthria valdiviae","Mollusca"
"1581","Brookula argentina","Mollusca"
"1582","Rugulina tenuis","Mollusca"
"1583","Stilapex polaris","Mollusca"
"1584","Prodoridunculus gaussianus","Mollusca"
"1585","Deeveyoecia arcuata","Arthropoda"
"1586","Arthrura monacantha","Arthropoda"
"1587","Lacydonia oculata","Annelida"
"1588","Mesothuria bifurcata","Echinodermata"
"1589","Falsimohnia minor","Mollusca"
"1590","Syrrhoe kareenae","Arthropoda"
"1591","Debroyerella similis","Arthropoda"
"1592","Tryphosella stebbingi","Arthropoda"
"1593","Ruffojassa georgiana","Arthropoda"
"1594","Amphicteis antarctica","Annelida"
"1595","Macrotrachela insolita","Rotifera"
"1596","Pseudochirella notacantha","Arthropoda"
"1597","Lucicutia magna","Arthropoda"
"1598","Cornucalanus simplex","Arthropoda"
"1599","Amallothrix robusta","Arthropoda"
"1600","Mixtocalanus alter","Arthropoda"
"1601","Scaphocalanus subbrevicornis","Arthropoda"
"1602","Oithona vivida","Arthropoda"
"1603","Contracaecum osculatum","Nematoda"
"1604","Hyphalaster inermis","Echinodermata"
"1605","Anotopterus pharao","Chordata"
"1606","Urocorycaeus furcifer","Arthropoda"
"1607","Chaetopterus variopedatus","Annelida"
"1608","Eunice pennata","Annelida"
"1609","Pista cristata","Annelida"
"1610","Tomopteris planktonis","Annelida"
"1611","Farrea occa","Porifera"
"1612","Colossendeis colossea","Arthropoda"
"1613","Ratania atlantica","Arthropoda"
"1614","Sagitella kowalewskii","Annelida"
"1615","Heteronemertes longifissus","Nemertea"
"1616","Amphipneustes marsupialis","Echinodermata"
"1617","Austrocidaris canaliculata","Echinodermata"
"1618","Euchromadora meridiana","Nematoda"
"1619","Desmoscolex max","Nematoda"
"1620","Tricoma septentrionalis","Nematoda"
"1621","Achramorpha nivalis","Porifera"
"1622","Grantia hirsuta","Porifera"
"1623","Leucetta antarctica","Porifera"
"1624","Halichondria (Halichondria) panicea","Porifera"
"1625","Calyx kerguelensis","Porifera"
"1626","Iophon terranovae","Porifera"
"1627","Clathria (Axosuberites) georgiaensis","Porifera"
"1628","Mycale (Mycale) macrochela","Porifera"
"1629","Hymenancora exigua","Porifera"
"1630","Rossella levis","Porifera"
"1631","Rossella pilosa","Porifera"
"1632","Leptychaster magnificus","Echinodermata"
"1633","Sicyonis erythrocephala","Cnidaria"
"1634","Klugella echinata","Bryozoa"
"1635","Pantopipetta australis","Arthropoda"
"1636","Notoplites antarcticus","Bryozoa"
"1637","Caenagnesia schmitti","Chordata"
"1638","Eltaninactis infundibulum","Cnidaria"
"1639","Crassimarginatella perlucida","Bryozoa"
"1640","Pyriporoides uniserialis","Bryozoa"
"1641","Cellaria coronata","Bryozoa"
"1642","Molgula pyriformis","Chordata"
"1643","Stomhypselosaria watersi","Bryozoa"
"1644","Nymphon paucidens","Arthropoda"
"1645","Pentapycnon charcoti","Arthropoda"
"1646","Isoschizoporella tricuspis","Bryozoa"
"1647","Isoschizoporella virgula","Bryozoa"
"1648","Aplidium vastum","Chordata"
"1649","Exochella avicularis","Bryozoa"
"1650","Romancheina asymmetrica","Bryozoa"
"1651","Isometra hordea","Echinodermata"
"1652","Cnemidocarpa pfefferi","Chordata"
"1653","Travisia antarctica","Annelida"
"1654","Paradota weddellensis","Echinodermata"
"1655","Hastingsia irregularis","Bryozoa"
"1656","Molpadia abyssicola","Echinodermata"
"1657","Inversiula nutrix","Bryozoa"
"1658","Calycopsis borchgrevinki","Cnidaria"
"1659","Smittina pileata","Bryozoa"
"1660","Austrolaenilla hastulifera","Annelida"
"1661","Lafoeina longitheca","Cnidaria"
"1662","Hebella plana","Cnidaria"
"1663","Dolichiscus profundus","Arthropoda"
"1664","Oswaldella delicata","Cnidaria"
"1665","Schizotricha anderssoni","Cnidaria"
"1666","Schizotricha unifurcata","Cnidaria"
"1667","Vermiliopsis glacialis","Annelida"
"1668","Lanicides bilobata","Annelida"
"1669","Thelepides koehleri","Annelida"
"1670","Crossaster penicillatus","Echinodermata"
"1671","Eremicaster crassus","Echinodermata"
"1672","Makrokylindrus (Adiastylis) inscriptus","Arthropoda"
"1673","Campylaspis quadridentata","Arthropoda"
"1674","Calliotropis pelseneeri","Mollusca"
"1675","Cuspidaria concentrica","Mollusca"
"1676","Eatoniella cana","Mollusca"
"1677","Lepetella postapicula","Mollusca"
"1678","Lissarca miliaris","Mollusca"
"1679","Onoba egorovae","Mollusca"
"1680","Liljeborgia dubia","Arthropoda"
"1681","Anticyathus septentrionalis","Nematoda"
"1682","Hydrurga leptonyx","Chordata"
"1683","Oswaldella medeae","Cnidaria"
"1684","Conopora verrucosa","Cnidaria"
"1685","Campylaspis ledoyeri","Arthropoda"
"1686","Pogonophryne cerebropogon","Chordata"
"1687","Pogonophryne lanceobarbata","Chordata"
"1688","Perknaster aurantiacus","Echinodermata"
"1689","Syrrhoe tuberculata","Arthropoda"
"1690","Bathyporeiapus magellanicus","Arthropoda"
"1691","Isocyamus antarcticensis","Arthropoda"
"1692","Apohyale grandicornis","Arthropoda"
"1693","Iphimedia multidentata","Arthropoda"
"1694","Liljeborgia quadridentata","Arthropoda"
"1695","Hyperiopsis australis","Arthropoda"
"1696","Oradarea tricarinata","Arthropoda"
"1697","Gitanopsis inaequipes","Arthropoda"
"1698","Prostebbingia serrata","Arthropoda"
"1699","Gondogeneia gracilicauda","Arthropoda"
"1700","Fuegiphoxus fuegiensis","Arthropoda"
"1701","Eusirus laevis","Arthropoda"
"1702","Hirondellea antarctica","Arthropoda"
"1703","Pallenopsis kupei","Arthropoda"
"1704","Tanaella unisetosa","Arthropoda"
"1705","Tanaopsis antarctica","Arthropoda"
"1706","Leptognathia microcephala","Arthropoda"
"1707","Meromonakantha nutae","Arthropoda"
"1708","Polycitor glareosus","Chordata"
"1709","Agnezia glaciata","Chordata"
"1710","Paraheterorhabdus compactus","Arthropoda"
"1711","Frontoserolis acuminata","Arthropoda"
"1712","Pelagopleura magna","Chordata"
"1713","Racovitzia harrissoni","Chordata"
"1714","Halecium jaederholmi","Cnidaria"
"1715","Acanthogorgia incrustata","Cnidaria"
"1716","Chrysogorgia antarctica","Cnidaria"
"1717","Narella gaussi","Cnidaria"
"1718","Parastenella spinosa","Cnidaria"
"1719","Doloria (Doloria) levis","Arthropoda"
"1720","Tisbe tenuimana","Arthropoda"
"1721","Pareledone aurata","Mollusca"
"1722","Pseudoscalibregma usarpium","Annelida"
"1723","Gephyroherpia antarctica","Mollusca"
"1724","Metacanthocephalus rennicki","Acanthocephala"
"1725","Heterorhabdus pustulifer","Arthropoda"
"1726","Diphyllobothrium lashleyi","Platyhelminthes"
"1727","Paraheterorhabdus farrani","Arthropoda"
"1728","Neoscutellidium yeatmani","Arthropoda"
"1729","Hyalopomatus macintoshi","Annelida"
"1730","Glyptonotobdella antarctica","Annelida"
"1731","Sarsia medelae","Cnidaria"
"1732","Paralomis stevensi","Arthropoda"
"1733","Cyclochlamys gaussiana","Mollusca"
"1734","Cyclochlamys pteriola","Mollusca"
"1735","Spatangus mathesoni","Echinodermata"
"1736","Monoculodes abacus","Arthropoda"
"1737","Solaster longoi","Echinodermata"
"1738","Isosecuriflustra tenuis","Bryozoa"
"1739","Eusirus tridentatus","Arthropoda"
"1740","Rhachotropis rossi","Arthropoda"
"1741","Megalasma striatum","Arthropoda"
"1742","Paranarthrura arctowskii","Arthropoda"
"1743","Homoieurete macquariense","Porifera"
"1744","Axiokebuita minuta","Annelida"
"1745","Bathycrinicola tumidula","Mollusca"
"1746","Cerithiella austrina","Mollusca"
"1747","Pseudotiron livingstonae","Arthropoda"
"1748","Syrrhoites bowdeni","Arthropoda"
"1749","Scaphodactylus carinatus","Arthropoda"
"1750","Phialella belgicae","Cnidaria"
"1751","Euphrosinopsis antarctica","Annelida"
"1752","Orchomenella goniops","Arthropoda"
"1753","Antarctophiline alata","Mollusca"
"1754","Physeter macrocephalus","Chordata"
"1755","Thalassarche chrysostoma","Chordata"
"1756","Urticina eques","Cnidaria"
"1757","Rozinante fragilis","Arthropoda"
"1758","Eurythenes gryllus","Arthropoda"
"1759","Undeuchaeta major","Arthropoda"
"1760","Euaugaptilus maxillaris","Arthropoda"
"1761","Haloptilus fons","Arthropoda"
"1762","Ctenocalanus vanus","Arthropoda"
"1763","Heterostylites major","Arthropoda"
"1764","Lucicutia curta","Arthropoda"
"1765","Cephalophanes frigidus","Arthropoda"
"1766","Onchocalanus magnus","Arthropoda"
"1767","Serratosagitta serratodentata","Chaetognatha"
"1768","Oithona atlantica","Arthropoda"
"1769","Oithona decipiens","Arthropoda"
"1770","Oithona longispina","Arthropoda"
"1771","Oithona nana","Arthropoda"
"1772","Oithona plumifera","Arthropoda"
"1773","Oithona robusta","Arthropoda"
"1774","Oithona setigera","Arthropoda"
"1775","Oithona simplex","Arthropoda"
"1776","Oithona tenuis","Arthropoda"
"1777","Ogmogaster plicata","Platyhelminthes"
"1778","Sphaeromyxa hellandi","Cnidaria"
"1779","Enoplus michaelseni","Nematoda"
"1780","Astropecten gruveli","Echinodermata"
"1781","Peniagone purpurea","Echinodermata"
"1782","Cryptopsaras couesii","Chordata"
"1783","Agetus flaccus","Arthropoda"
"1784","Farranula gracilis","Arthropoda"
"1785","Oncaea media","Arthropoda"
"1786","Rhynchonereella petersii","Annelida"
"1787","Capitella capitata","Annelida"
"1788","Notomastus latericeus","Annelida"
"1789","Maldane sarsi","Annelida"
"1790","Levinsenia gracilis","Annelida"
"1791","Spiophanes kroyeri","Annelida"
"1792","Syllis armillaris","Annelida"
"1793","Tomopteris cavallii","Annelida"
"1794","Travisiopsis lobifera","Annelida"
"1795","Halisarca dujardinii","Porifera"
"1796","Haliclona (Gellius) glacialis","Porifera"
"1797","Haliclona (Gellius) spongiosa","Porifera"
"1798","Colossendeis gracilis","Arthropoda"
"1799","Endeis mollis","Arthropoda"
"1800","Chuniphyes moserae","Cnidaria"
"1801","Crystallophyes amygdalina","Cnidaria"
"1802","Marrus antarcticus","Cnidaria"
"1803","Facelina dubia","Mollusca"
"1804","Hiatella arctica","Mollusca"
"1805","Hoplopera pusilla","Platyhelminthes"
"1806","Notophryxus ovoides","Arthropoda"
"1807","Hauchiella tribullata","Annelida"
"1808","Monocelis parvula","Platyhelminthes"
"1809","Platynereis magalhaensis","Annelida"
"1810","Amphiporus spinosus","Nemertea"
"1811","Kali indica","Chordata"
"1812","Ctenocidaris speciosa","Echinodermata"
"1813","Notocidaris gaussensis","Echinodermata"
"1814","Anoplostoma campbelli","Nematoda"
"1815","Anoplostoma dubium","Nematoda"
"1816","Anticoma columba","Nematoda"
"1817","Anticoma tenuis","Nematoda"
"1818","Calyptronema mawsoni","Nematoda"
"1819","Tricoma (Quadricoma) avicapitata","Nematoda"
"1820","Elzalia tenuis","Nematoda"
"1821","Odontophora polaris","Nematoda"
"1822","Austronema spirurum","Nematoda"
"1823","Megapogon pollicaris","Porifera"
"1824","Haliclona (Soestella) arenata","Porifera"
"1825","Hemigellius calyx","Porifera"
"1826","Rhabderemia antarctica","Porifera"
"1827","Isodictya doryphora","Porifera"
"1828","Myxilla (Ectyomyxilla) chilensis","Porifera"
"1829","Psammochela chaliniformis","Porifera"
"1830","Caulophacus (Caulodiscus) valdiviae","Porifera"
"1831","Rossella vanhoeffeni","Porifera"
"1832","Aspidostoma giganteum","Bryozoa"
"1833","Camptoplites giganteus","Bryozoa"
"1834","Colossendeis tenuipedis","Arthropoda"
"1835","Ophiacantha paramedea","Echinodermata"
"1836","Didemnum studeri","Chordata"
"1837","Euphrosine armadilloides","Annelida"
"1838","Euphrosine echidna","Annelida"
"1839","Pherusa kerguelarum","Annelida"
"1840","Glycera kerguelensis","Annelida"
"1841","Osthimosia notialis","Bryozoa"
"1842","Sycozoa georgiana","Chordata"
"1843","Nymphon compactum","Arthropoda"
"1844","Sycozoa sigillinoides","Chordata"
"1845","Thouarella (Thouarella) antarctica","Cnidaria"
"1846","Axiothella antarctica","Annelida"
"1847","Maldanella antarctica","Annelida"
"1848","Romancheina barica","Bryozoa"
"1849","Exochella rogickae","Bryozoa"
"1850","Anchinothria pycnobranchiata","Annelida"
"1851","Leitoscoloplos mawsoni","Annelida"
"1852","Crisia sinclarensis","Bryozoa"
"1853","Styela glans","Chordata"
"1854","Styela wandeli","Chordata"
"1855","Disporella octoradiata","Bryozoa"
"1856","Hornera smitti","Bryozoa"
"1857","Idmidronea antarctica","Bryozoa"
"1858","Peniagone vitrea","Echinodermata"
"1859","Peniagone wiltoni","Echinodermata"
"1860","Synallactes robertsoni","Echinodermata"
"1861","Tubulipora organisans","Bryozoa"
"1862","Tubulipora tubigera","Bryozoa"
"1863","Paranaitis bowersi","Annelida"
"1864","Fenestrulina antarctica","Bryozoa"
"1865","Apiophragma hyalina","Bryozoa"
"1866","Reteporella lepralioides","Bryozoa"
"1867","Reteporella protecta","Bryozoa"
"1868","Brettiopsis triplex","Bryozoa"
"1869","Eunoe anderssoni","Annelida"
"1870","Austrolaenilla setobarba","Annelida"
"1871","Eunoe hartmanae","Annelida"
"1872","Hippomonavella pellucidula","Bryozoa"
"1873","Harmothoe crosetensis","Annelida"
"1874","Jasmineira caeca","Annelida"
"1875","Oriopsis limbata","Annelida"
"1876","Chaetarcturus bovinus","Arthropoda"
"1877","Oswaldella tottoni","Cnidaria"
"1878","Pantachogon scotti","Cnidaria"
"1879","Nerinopsis hystricosa","Annelida"
"1880","Natatolana obtusata","Arthropoda"
"1881","Exogone heterosetosa","Annelida"
"1882","Eurysyllis ehlersi","Annelida"
"1883","Aporocidaris antarctica","Echinodermata"
"1884","Thelepides venustus","Annelida"
"1885","Eisothistos antarcticus","Arthropoda"
"1886","Ectias turqueti","Arthropoda"
"1887","Acutiserolis spinosa","Arthropoda"
"1888","Austroniscus ovalis","Arthropoda"
"1889","Pseudoconchoecia serrulata","Arthropoda"
"1890","Pseudo vanhoeffeni","Arthropoda"
"1891","Ophiernus vallincola","Echinodermata"
"1892","Antimargarita smithiana","Mollusca"
"1893","Belalora thielei","Mollusca"
"1894","Calliotropis eltanini","Mollusca"
"1895","Conorbela antarctica","Mollusca"
"1896","Cuthona georgiana","Mollusca"
"1897","Falsitromina bella","Mollusca"
"1898","Miomelon turnerae","Mollusca"
"1899","Nacella kerguelenensis","Mollusca"
"1900","Onoba grisea","Mollusca"
"1901","Pleurotomella annulata","Mollusca"
"1902","Skenella umbilicata","Mollusca"
"1903","Pterodroma lessonii","Chordata"
"1904","Pterodroma macroptera","Chordata"
"1905","Parandania boecki","Arthropoda"
"1906","Oithona attenuata","Arthropoda"
"1907","Gaetanus kruppii","Arthropoda"
"1908","Amblyops antarcticus","Arthropoda"
"1909","Mysidetes brachylepis","Arthropoda"
"1910","Desmoscolex articulatus","Nematoda"
"1911","Desmodorella abyssorum","Nematoda"
"1912","Hebella striata","Cnidaria"
"1913","Symplectoscyphus anae","Cnidaria"
"1914","Clathrozoella drygalskii","Cnidaria"
"1915","Antarctoscyphus admirabilis","Cnidaria"
"1916","Lycenchelys antarctica","Chordata"
"1917","Krefftichthys anderssoni","Chordata"
"1918","Paraliparis macrocephalus","Chordata"
"1919","Trematomus tokarevi","Chordata"
"1920","Protomyctophum bolini","Chordata"
"1921","Compsothyris ballenyi","Brachiopoda"
"1922","Schraderia serraticauda","Arthropoda"
"1923","Byblisoides juxtacornis","Arthropoda"
"1924","Haplocheira barbimana","Arthropoda"
"1925","Orchestoidea tuberculata","Arthropoda"
"1926","Uristes gigas","Arthropoda"
"1927","Pseudododecas bowmani","Arthropoda"
"1928","Jassa alonsoae","Arthropoda"
"1929","Parharpinia obliqua","Arthropoda"
"1930","Paraceradocus ramulus","Arthropoda"
"1931","Monoculodes antarcticus","Arthropoda"
"1932","Parapanoploea oxygnathia","Arthropoda"
"1933","Parandania gigantea","Arthropoda"
"1934","Gnathiphimedia incerta","Arthropoda"
"1935","Echiniphimedia barnardi","Arthropoda"
"1936","Ampelisca richardsoni","Arthropoda"
"1937","Cheirimedon crenatipalmatus","Arthropoda"
"1938","Trachythyone maxima","Echinodermata"
"1939","Epigamia charcoti","Annelida"
"1940","Gennadas kempi","Arthropoda"
"1941","Protanaissus longidactylus","Arthropoda"
"1942","Neotanais antarcticus","Arthropoda"
"1943","Chauliopleona nickeli","Arthropoda"
"1944","Torquella parangularis","Arthropoda"
"1945","Aplidium circumvolutum","Chordata"
"1946","Hypsistozoa fasmeriana","Chordata"
"1947","Molgula malvinensis","Chordata"
"1948","Styela schmitti","Chordata"
"1949","Elthusa vulgaris","Arthropoda"
"1950","Caecognathia antarctica","Arthropoda"
"1951","Fissarcturus rossi","Arthropoda"
"1952","Notopais spicatus","Arthropoda"
"1953","Ihlea magalhanica","Chordata"
"1954","Binoraphorus geminolobotus","Annelida"
"1955","Atherina boyeri","Chordata"
"1956","Paraliparis antarcticus","Chordata"
"1957","Cryothenia amphitreta","Chordata"
"1958","Bufoceratias wedli","Chordata"
"1959","Bathypathes bifida","Cnidaria"
"1960","Ainigmaptilon wallini","Cnidaria"
"1961","Dictyocladium reticulatum","Cnidaria"
"1962","Stylopathes columnaris","Cnidaria"
"1963","Scleroconcha gallardoi","Arthropoda"
"1964","Garrodia nereis","Chordata"
"1965","Slosarczykovia circumantarctica","Mollusca"
"1966","Pareledone harrissoni","Mollusca"
"1967","Lanceola clausii","Arthropoda"
"1968","Helicosiphon biscoeensis","Annelida"
"1969","Ophryotrocha claparedei","Annelida"
"1970","Vanadis antarctica","Annelida"
"1971","Exogone anomalochaeta","Annelida"
"1972","Epiherpia vixinsignis","Mollusca"
"1973","Dorymenia tetradoryata","Mollusca"
"1974","Lyratoherpia carinata","Mollusca"
"1975","Neomenia proprietecta","Mollusca"
"1976","Tonrometra spinulifera","Echinodermata"
"1977","Corynosoma hamanni","Acanthocephala"
"1978","Metacanthocephalus campbelli","Acanthocephala"
"1979","Amallothrix dentipes","Arthropoda"
"1980","Chiridius polaris","Arthropoda"
"1981","Hyperoodon planifrons","Chordata"
"1982","Oncaea olsoni","Arthropoda"
"1983","Parorchites zederi","Platyhelminthes"
"1984","Pseudoamallothrix hadrosoma","Arthropoda"
"1985","Weltnerium bouvieri","Arthropoda"
"1986","Xanthocalanus harpagatus","Arthropoda"
"1987","Notholca foliacea","Rotifera"
"1988","Pasiphaea acutifrons","Arthropoda"
"1989","Rossidrilus terraenovae","Annelida"
"1990","Torodrilus gelidus","Annelida"
"1991","Mooreobdellina rugosa","Annelida"
"1992","Notobdella nototheniae","Annelida"
"1993","Neolithodes yaldwyni","Arthropoda"
"1994","Parvamussium maorium","Mollusca"
"1995","Austrocythere reticulotuberculata","Arthropoda"
"1996","Pseudocythereis spinifera","Arthropoda"
"1997","Procythereis robusta","Arthropoda"
"1998","Paracytherois vanhoeffeni","Arthropoda"
"1999","Macroscapha inaequata","Arthropoda"
"2000","Folia gigas","Chordata"
"2001","Sigmops bathyphilus","Chordata"
"2002","Trophon paucilamellatus","Mollusca"
"2003","Nebalia longicornis","Arthropoda"
"2004","Bathyeliasona nigra","Annelida"
"2005","Pleurotomella deliciosa","Mollusca"
"2006","Celleporina granum","Bryozoa"
"2007","Smittina obicullatoidea","Bryozoa"
"2008","Disporella canaliculata","Bryozoa"
"2009","Osthimosia rogicki","Bryozoa"
"2010","Arachnopusia monoceros","Bryozoa"
"2011","Exidmonea atlantica","Bryozoa"
"2012","Sclerodomus gracilis","Bryozoa"
"2013","Typhlotanais adipatus","Arthropoda"
"2014","Aplidium pererratum","Chordata"
"2015","Jassa barnardi","Arthropoda"
"2016","Lipkius holthuisi","Arthropoda"
"2017","Dibothriocephalus coatsi","Platyhelminthes"
"2018","Orygmatobothrium wyatti","Platyhelminthes"
"2019","Muusoctopus eureka","Mollusca"
"2020","Psolus byrdae","Echinodermata"
"2021","Crucella scotiae","Echinodermata"
"2022","Thurstonella chelata","Arthropoda"
"2023","Beroe ovale","Ctenophora"
"2024","Coulmannia rossensis","Arthropoda"
"2025","Adoncholaimus crassicaudus","Nematoda"
"2026","Halomonhystera uniformis","Nematoda"
"2027","Eleutherolaimus grahami","Nematoda"
"2028","Loxocythere scaphoides","Arthropoda"
"2029","Turbonilla polaris","Mollusca"
"2030","Ptilocrinus (Chambersaecrinus) brucei","Echinodermata"
"2031","Sigmodota contorta","Echinodermata"
"2032","Gymnoscalpellum klepalae","Arthropoda"
"2033","Anchinothria hiatidentata","Annelida"
"2034","Beania livingstonei","Bryozoa"
"2035","Buffonellodes umbonata","Bryozoa"
"2036","Ekpontocypris mcmurdoensis","Arthropoda"
"2037","Orthopolycope brevis","Arthropoda"
"2038","Sosane kerguelensis","Annelida"
"2039","Paulasterias tyleri","Echinodermata"
"2040","Ophelina setigera","Annelida"
"2041","Desmodorella balteata","Nematoda"
"2042","Microlaimus korari","Nematoda"
"2043","Tetrabothrius (Culmenamniculus) cylindraceus","Platyhelminthes"
"2044","Epimeria (Hoplepimeria) larsi","Arthropoda"
"2045","Epimeria (Drakepimeria) cleo","Arthropoda"
"2046","Chaetocirratulus abyssalis","Annelida"
"2047","Chaetozone homosetosa","Annelida"
"2048","Pallenopsis gracilis","Arthropoda"
"2049","Lepadella triptera","Rotifera"
"2050","Raspailia (Hymeraphiopsis) hentscheli","Porifera"
"2051","Lissodendoryx (Ectyodoryx) calcinaiae","Porifera"
"2052","Diomedea exulans","Chordata"
"2053","Ampelisca eschrichtii","Arthropoda"
"2054","Jassa falcata","Arthropoda"
"2055","Abyssorchomene abyssorum","Arthropoda"
"2056","Cyphocaris richardi","Arthropoda"
"2057","Cnemidocarpa bythia","Chordata"
"2058","Clausocalanus arcuicornis","Arthropoda"
"2059","Metridia princeps","Arthropoda"
"2060","Spinocalanus spinosus","Arthropoda"
"2061","Oithona fallax","Arthropoda"
"2062","Oithona hamata","Arthropoda"
"2063","Paralomis spectabilis","Arthropoda"
"2064","Euterpina acutifrons","Arthropoda"
"2065","Longipedia weberi","Arthropoda"
"2066","Boreomysis bispinosa","Arthropoda"
"2067","Desmoscolex amaurus","Nematoda"
"2068","Thalassomonhystera parva","Nematoda"
"2069","Steineria pilosa","Nematoda"
"2070","Enoplus paralittoralis","Nematoda"
"2071","Ophiura flagellata","Echinodermata"
"2072","Taaningichthys bathyphilus","Chordata"
"2073","Borostomias antarcticus","Chordata"
"2074","Conchoecissa symmetrica","Arthropoda"
"2075","Pseudocythere caudata","Arthropoda"
"2076","Epicalymma schmitti","Arthropoda"
"2077","Epicalymma umbonata","Arthropoda"
"2078","Oncaea longiseta","Arthropoda"
"2079","Oncaea parila","Arthropoda"
"2080","Vanadis longissima","Annelida"
"2081","Phyllodoce madeirensis","Annelida"
"2082","Hyalopomatus marenzelleri","Annelida"
"2083","Amphitrite cirrata","Annelida"
"2084","Travisiopsis lanceolata","Annelida"
"2085","Colossendeis angusta","Arthropoda"
"2086","Araphura brevimanus","Arthropoda"
"2087","Peraeospinosus kerguelenensis","Arthropoda"
"2088","Trapezium oblongum","Mollusca"
"2089","Aora typica","Arthropoda"
"2090","Lecane closterocerca","Rotifera"
"2091","Pseudostichopus mollis","Echinodermata"
"2092","Maupasia coeca","Annelida"
"2093","Pterois volitans","Chordata"
"2094","Antrechinus nordenskjoldi","Echinodermata"
"2095","Anticoma kerguelensis","Nematoda"
"2096","Thoracostoma setosum","Nematoda"
"2097","Eurystomina fenestella","Nematoda"
"2098","Euchromadora denticulata","Nematoda"
"2099","Leptolaimus antarcticus","Nematoda"
"2100","Desmoscolex frigidus","Nematoda"
"2101","Desmolaimus macrocirculus","Nematoda"
"2102","Laxus septentrionalis","Nematoda"
"2103","Usarpnema auriculatum","Nematoda"
"2104","Halisarca magellanica","Porifera"
"2105","Lissodendoryx (Lissodendoryx) minuta","Porifera"
"2106","Stelletta crater","Porifera"
"2107","Rossella schulzei","Porifera"
"2108","Beania challengeri","Bryozoa"
"2109","Beania scotti","Bryozoa"
"2110","Camptoplites areolatus","Bryozoa"
"2111","Cornucopina lata","Bryozoa"
"2112","Klugella buski","Bryozoa"
"2113","Balanophyllia (Balanophyllia) chnous","Cnidaria"
"2114","Notoplites klugei","Bryozoa"
"2115","Amastigia cabereoides","Bryozoa"
"2116","Melinnoides nelsoni","Annelida"
"2117","Amastigia gaussi","Bryozoa"
"2118","Amastigia solida","Bryozoa"
"2119","Colossendeis scoresbii","Arthropoda"
"2120","Melicerita digeronimoi","Bryozoa"
"2121","Cibacapsa gulosa","Chordata"
"2122","Osthimosia malingae","Bryozoa"
"2123","Osthimosia phalacrocoraca","Bryozoa"
"2124","Primnoella antarctica","Cnidaria"
"2125","Synoicum georgianum","Chordata"
"2126","Pyura obesa","Chordata"
"2127","Dicarpa tricostata","Chordata"
"2128","Crisia kerguelensis","Bryozoa"
"2129","Hastingsia gracilis","Bryozoa"
"2130","Trachythyone parva","Echinodermata"
"2131","Idmidronea pseudocrisina","Bryozoa"
"2132","Stomatopora eburnea","Bryozoa"
"2133","Eteone sculpta","Annelida"
"2134","Lacerna hosteensis","Bryozoa"
"2135","Fenestrulina crystallina","Bryozoa"
"2136","Cellarinella latilaminata","Bryozoa"
"2137","Hippadenella inerma","Bryozoa"
"2138","Mitrocomella frigida","Cnidaria"
"2139","Eucranta mollis","Annelida"
"2140","Eunoe abyssorum","Annelida"
"2141","Smittina diffidentia","Bryozoa"
"2142","Smittina glebula","Bryozoa"
"2143","Antarctoscyphus biformis","Cnidaria"
"2144","Symplectoscyphus naumovi","Cnidaria"
"2145","Staurotheca polarsterni","Cnidaria"
"2146","Oswaldella antarctica","Cnidaria"
"2147","Oswaldella grandis","Cnidaria"
"2148","Autolytus maclearanus","Annelida"
"2149","Pionosyllis comosa","Annelida"
"2150","Leaena antarctica","Annelida"
"2151","Austrofilius furcatus","Arthropoda"
"2152","Priapulus tuberculatospinosus","Priapulida"
"2153","Munna antarctica","Arthropoda"
"2154","Coulmannia frigida","Arthropoda"
"2155","Asbestopluma (Asbestopluma) obae","Porifera"
"2156","Ceratoserolis trilobitoides","Arthropoda"
"2157","Frontoserolis glacialis","Arthropoda"
"2158","Archiconchoecetta bidens","Arthropoda"
"2159","Eudorella similis","Arthropoda"
"2160","Procampylaspis meridiana","Arthropoda"
"2161","Peniagone incerta","Echinodermata"
"2162","Amauropsis prasina","Mollusca"
"2163","Calliotropis antarctica","Mollusca"
"2164","Lorabela pelseneeri","Mollusca"
"2165","Marseniopsis pacifica","Mollusca"
"2166","Melanella solitaria","Mollusca"
"2167","Nothoadmete consobrina","Mollusca"
"2168","Nuculana inaequisculpta","Mollusca"
"2169","Solariella bathyantarctica","Mollusca"
"2170","Yoldiella sabrina","Mollusca"
"2171","Lucicutia grandis","Arthropoda"
"2172","Pseudochirella hirsuta","Arthropoda"
"2173","Pseudomma armatum","Arthropoda"
"2174","Thoonchus inermis","Nematoda"
"2175","Eurystomina filicolle","Nematoda"
"2176","Daptonema septentrionalis","Nematoda"
"2177","Desmoscolex spinosus","Nematoda"
"2178","Leucon (Macrauloleucon) parasiphonatus","Arthropoda"
"2179","Gynodiastylis jadzewskii","Arthropoda"
"2180","Coryphaenoides ferrieri","Chordata"
"2181","Benthalbella elongata","Chordata"
"2182","Melanostigma vitiazi","Chordata"
"2183","Edentoliparis terraenovae","Chordata"
"2184","Pogonophryne barsukovi","Chordata"
"2185","Euphausia frigida","Arthropoda"
"2186","Pariphimedia normani","Arthropoda"
"2187","Iphimediella bransfieldi","Arthropoda"
"2188","Proharpinia antipoda","Arthropoda"
"2189","Caprella ungulina","Arthropoda"
"2190","Iphimedia pacifica","Arthropoda"
"2191","Paramoera pfefferi","Arthropoda"
"2192","Seba subantarctica","Arthropoda"
"2193","Bovallia gigantea","Arthropoda"
"2194","Syrrhoe nodulosa","Arthropoda"
"2195","Paradexamine fissicauda","Arthropoda"
"2196","Paramoera fissicauda","Arthropoda"
"2197","Oediceroides emarginatus","Arthropoda"
"2198","Alexandrella martae","Arthropoda"
"2199","Oradarea novaezealandiae","Arthropoda"
"2200","Protorchestia nitida","Arthropoda"
"2201","Stegosoladidus ingens","Arthropoda"
"2202","Prothaumatelson nasutum","Arthropoda"
"2203","Pagetina genarum","Arthropoda"
"2204","Metopoides leptomanus","Arthropoda"
"2205","Eclysis similis","Arthropoda"
"2206","Halicreion vanhoffeni","Arthropoda"
"2207","Eusirus laticarpus","Arthropoda"
"2208","Tryphosella macropareia","Arthropoda"
"2209","Pseudorchomene coatsi","Arthropoda"
"2210","Cleonardo longipes","Arthropoda"
"2211","Hippomedon major","Arthropoda"
"2212","Syllis valida","Annelida"
"2213","Benthodytes plana","Echinodermata"
"2214","Ophioplinthus grisea","Echinodermata"
"2215","Bathylepeta linseae","Mollusca"
"2216","Andrognathia plumosa","Arthropoda"
"2217","Chauliopleona armata","Arthropoda"
"2218","Typhlotanais squamiger","Arthropoda"
"2219","Distaplia megathorax","Chordata"
"2220","Eugyra kerguelenensis","Chordata"
"2221","Styela paessleri","Chordata"
"2222","Sycozoa gaimardi","Chordata"
"2223","Aplidiopsis georgianum","Chordata"
"2224","Caecognathia hodgsoni","Arthropoda"
"2225","Edotia tangaroa","Arthropoda"
"2226","Iathrippa sarsi","Arthropoda"
"2227","Pagonana hodgsoni","Arthropoda"
"2228","Alomasoma belyaevi","Annelida"
"2229","Cephalodiscus solidus","Hemichordata"
"2230","Amphiprion percula","Chordata"
"2231","Thouarella (Thouarella) brucei","Cnidaria"
"2232","Paractis papaver","Cnidaria"
"2233","Clathrozoella medeae","Cnidaria"
"2234","Vargula antarctica","Arthropoda"
"2235","Sclerasterias mollis","Echinodermata"
"2236","Proserpinaster neozelanicus","Echinodermata"
"2237","Ophioplinthus mordax","Echinodermata"
"2238","Kondakovia longimana","Mollusca"
"2239","Aphrodita rossi","Annelida"
"2240","Myzostoma antarcticum","Annelida"
"2241","Polygordius antarcticus","Annelida"
"2242","Bispira oatesiana","Annelida"
"2243","Psamathe fauveli","Annelida"
"2244","Dondersia cnidevorans","Mollusca"
"2245","Drepanomenia perticata","Mollusca"
"2246","Metamenia triglandulata","Mollusca"
"2247","Pruvotina uniperata","Mollusca"
"2248","Rhabdoherpia ventromusculata","Mollusca"
"2249","Syngenoherpia sanguicuneosa","Mollusca"
"2250","Euaugaptilus austrinus","Arthropoda"
"2251","Oncaea rotunda","Arthropoda"
"2252","Oncaea setosa","Arthropoda"
"2253","Elytrophalloides oatesi","Platyhelminthes"
"2254","Genolinea bowersi","Platyhelminthes"
"2255","Lepidapedon garrardi","Platyhelminthes"
"2256","Diphyllobothrium mobile","Platyhelminthes"
"2257","Pseudoamallothrix incisa","Arthropoda"
"2258","Pseudochirella mawsoni","Arthropoda"
"2259","Scaphocalanus parantarcticus","Arthropoda"
"2260","Spinocalanus terranovae","Arthropoda"
"2261","Dioithona rigida","Arthropoda"
"2262","Halacarus profundus","Arthropoda"
"2263","Protis brownii","Annelida"
"2264","Ammothea victoriae","Arthropoda"
"2265","Typhlotanais grahami","Arthropoda"
"2266","Bouillonia denhartogi","Cnidaria"
"2267","Krithe (Austrokrithe) magna","Arthropoda"
"2268","Patagonacythere longiducta","Arthropoda"
"2269","Meridionalicythere megalodiscus","Arthropoda"
"2270","Aversovalva antarctica","Arthropoda"
"2271","Cytheropteron antarcticum","Arthropoda"
"2272","Antarcticythere laevior","Arthropoda"
"2273","Paracytherois similis","Arthropoda"
"2274","Macroscapha opaca","Arthropoda"
"2275","Hemicyclops diremptus","Arthropoda"
"2276","Pseudechinus huttoni","Echinodermata"
"2277","Achlyonice monactinica","Echinodermata"
"2278","Rotaria rotatoria","Rotifera"
"2279","Argilloecia obtusata","Arthropoda"
"2280","Crella (Crella) aurantiaca","Porifera"
"2281","Mycale (Aegogropila) denticulata","Porifera"
"2282","Antarctothoa antarctica","Bryozoa"
"2283","Antarctothoa bougainvillei","Bryozoa"
"2284","Aristias excavatus","Arthropoda"
"2285","Chaperiopsis cervicornis","Bryozoa"
"2286","Amastigia crassimarginata","Bryozoa"
"2287","Monoophorum ruseri","Platyhelminthes"
"2288","Neolithodes brodiei","Arthropoda"
"2289","Contracaecum radiatum","Nematoda"
"2290","Trachythyone cynthiae","Echinodermata"
"2291","Notaeolidia depressa","Mollusca"
"2292","Omalogyra burdwoodiana","Mollusca"
"2293","Callyspongia (Callyspongia) dendyi","Porifera"
"2294","Eleutherolaimus macrocirculus","Nematoda"
"2295","Flabegraviera profunda","Annelida"
"2296","Heliconoides inflatus","Mollusca"
"2297","Lissotesta notalis","Mollusca"
"2298","Doliolina (Doliolinetta) resistibilis","Chordata"
"2299","Oligobregma notiale","Annelida"
"2300","Eubranchus adarensis","Mollusca"
"2301","Melinnopsis collaris","Annelida"
"2302","Doloria levis","Arthropoda"
"2303","Pseudotritonia antarctica","Mollusca"
"2304","Halecium exaggeratum","Cnidaria"
"2305","Leucothoe weddellensis","Arthropoda"
"2306","Ditrichocorycaeus aucklandicus","Arthropoda"
"2307","Zeuxo phytalensis","Arthropoda"
"2308","Perspiria septentrionalis","Nematoda"
"2309","Lycopodina vaceleti","Porifera"
"2310","Orchomenella cavimanus","Arthropoda"
"2311","Pectis antarctica","Cnidaria"
"2312","Epimeria (Pseudepimeria) grandirostris","Arthropoda"
"2313","Calvadosia vanhoeffeni","Cnidaria"
"2314","Aricidea (Strelzovia) belgicae","Annelida"
"2315","Amphicteis teresae","Annelida"
"2316","Tetrabothrius (Neotetrabothrius) wrighti","Platyhelminthes"
"2317","Oswaldella blanconae","Cnidaria"
"2318","Pseudotanais nordenskioldi","Arthropoda"
"2319","Cymatona kampyla","Mollusca"
"2320","Platytyphlops rossi","Arthropoda"
"2321","Hemicorallium imperiale","Cnidaria"
"2322","Hemicorallium laauense","Cnidaria"
"2323","Megapogon schiaparellii","Porifera"
"2324","Umbellula carpenteri","Cnidaria"
"2325","Naineris antarctica","Annelida"
"2326","Haliclona ernsthentscheli","Porifera"
